"8 SIDOR","15759997"
"ACADEMISKA OCH STIFTS TIDNINGAR UTG. I LUND FÖR ÅR 1773 AF G.S.","08667xhcx8zwx7mj"
"ADRESS- & VARUTIDNING","4fr1qj1x2ddfhktc"
"ADRESS- HYRES- OCH ANNONSBLADET","cn08zv8s98fbzw73"
"ADRESS-KONTOR FÖR ÖSTERGÖTLAND MED WADSTENA LÄN","7hcm0jr25pjw5dsc"
"ADRESSBLADET","1bnxmm42zgj3ps4j"
"AFFISCHEN, TIDNING FÖR STOCKHOLMS TEATRAR OCH KONSERTSALONGER","dt6whwvhb5j7j8lg"
"AFFÄRSLISTAN","3dq0prw312xgt8jh"
"AFTONBLADET","4345612"
"AFTONBLADET (GÖTEBORG : 1811)","22576754"
"AFTONBLADET HALVVECKOUPPLAGAN","2hvk5thd04t5zsl7"
"AFTONBLADET I NORRKÖPING","pzxp59w7m2nh24d0"
"AFTONBLADET VECKOUPPLAGAN","m2f4qjf7kxrg2bwv"
"AFTONTIDNINGEN (1889)","s3rkbgwcqf76sm97"
"AFTONTIDNINGEN BIHANG TILL DAGLIGT ALLEHANDA","fs7g74r5ct1nwfzg"
"AKHBĀR SKŪNIH","15982961"
"AKTUELLT I POLITIKEN (1994), AIP","fzg38jzmcr1wtgwh"
"ALEKURIREN","15536600"
"ALFVESTA TIDNING","t4gqfndfr79h6nm7"
"ALFWAR OCH SKÄMT","19227594"
"ALINGSÅS TIDNING","15760000"
"ALINGSÅS WECKOBLAD","hrvjwzpqfwc5tkg9"
"ALINGSÅSKURIREN","15760001"
"ALLEHANDA (LINDESBERG : 1882)","jtd98g35g06qgcqj"
"ALLEHANDA (STOCKHOLM : 1899)","8k71s0tx6hhlq8xd"
"ALLEHANDA FÖR FOLKET","hsc87hd2fns89k4z"
"ALLMÄNNA ANNONSBLADET","mxhdcq5dk1d2kgp5"
"ALLMÄNNA HYRESLISTAN","v5tmdnmwst2shst9"
"ALLMÄNNA JOURNALEN","s9q5hs87q3qs8973"
"ALLMÄNNA LÄNSTIDNINGEN","nz9k8k1plscd8q8j"
"ALLMÄNNA TIDNINGAR (NYKÖPING : 1782)","2bpvzfd009l5b2rq"
"ALLMÄNNA TIDNINGEN (STOCKHOLM : 1853)","fpqxd08mc1tqfxg7"
"AMERIKA (GÖTEBORG : 1869)","22685832"
"AMERIKA (STOCKHOLM : 1896)","22685834"
"AMERIKABLADET","22685835"
"AMERIKANAREN","22685851"
"AMERIKANSKA POSTEN","22685853"
"ANMÄRCKNINGAR WID SWENSKE POSTTIDNINGARNE","8k71t6fc6fl3qx5j"
"ANNANDAGENS FILMNYHETER","k1d9f4cnhfwd18lv"
"ANNONS- OCH NYHETSBLAD FÖR STADEN LUND","5kc57d403xx1jnhp"
"ANNONSBLAD FÖR DALARNE","7jv4v6jw5pj9h7lp"
"ANNONSBLAD FÖR ELFSBORGS LÄN","r3rqmlxbp08dckvw"
"ANNONSBLAD FÖR GOTLAND","cpcb78jp989wnvsp"
"ANNONSBLAD FÖR INDUSTRI HANDTVERK OCH HANDEL.","8jlgmxs168nc5v1t"
"ANNONSBLAD FÖR RESANDE","x7wphxdgvsbvd6th"
"ANNONSBLAD TILL TIDSKRIFT FÖR LANDTMÄN","lwbvzhdxjhf2v2b6"
"ANNONSBLADET (NORRKÖPING : 1898)","m0n4v9w4kxt81m72"
"ANNONSBLADET (STOCKHOLM : 1869)","t4sldzpdr4h1knj1"
"ANNONSBLADET (STOCKHOLM : 1875)","hsg82pczf5l4skwh"
"ANNONSBLADET DALARNA","15760581"
"ANNONSERNA","r3k9xv18prswmllv"
"ANNONSKURIREN","r128wh9lpfkx8mlk"
"ANNONSNYHETER","6h5zrg2z4p6sbnjs"
"ANNONSPOSTEN","fqd60s82cv9svp3n"
"ANNONSTABELL","fqd60v30c06rw6jk"
"ANNONSTIDNING FÖR STRENGNÄS STAD OCH LANDSORT","hrsh9d65ft59mc1j"
"ANNONSTIDNING FÖR UPLAND OCH WESTMANLAND","q2qpmpd2np4j6l4f"
"ANNONSTIDNINGEN","r4s80js6pprz1hp3"
"ANNONSÖREN (STOCKHOLM : 1883)","7hjq501f5pz8b5x4"
"ANNONSÖREN (STOCKHOLM : 1894)","cnb4xv819nffrt23"
"ANSGARII-POSTEN","drms96dlbsbjnr9z"
"ARBETARBLADET (1902), ORGAN FÖR SVERIGES SOCIALDEMOKRATISKA ARBETARPARTI TIDNING FÖR NEDRE NORRLAND, NORRA UPPLAND OCH DALARNA","15760616"
"ARBETAREBLADET (1869)","x8xwt1tjv9wd2pln"
"ARBETAREN (GÖTEBORG : 1869)","lwdsj5msjcp6kp5f"
"ARBETAREN (MOTALA : 1902)","jvx302mwg16msmb1"
"ARBETAREN (STOCKHOLM : 1881)","ktv2qtxbhg2vg59l"
"ARBETAREN (STOCKHOLM : 1922)","dsm832gsbkdxmjhb"
"ARBETARENS VÄN","9qdpqj2s71vgn8fv"
"ARBETARENS VÄN VECKOUPPLAGAN","1b0slmz1z4ct8q4r"
"ARBETARETIDNINGEN","5g4xqs2m3sz21dt9"
"ARBETAREVÄNNEN","6h0gwkv3477qfjcf"
"ARBETARTIDNINGEN","20777844"
"ARBETET (1887)","19962119"
"ARBETET VÄSTSVENSKA EDITIONEN","js70jzl7gvslfz25"
"ARBETET NYHETERNA (ED. GÖTEBORG : 1991)","4dtl4gp42kfj1698"
"ARBETSGIFVAREN","5hkqmxm531lz9zwp"
"ARBOGA","2d21xk7c09tsd1bc"
"ARBOGA NYHETER","4gjpl07s2557h1q9"
"ARBOGA TIDNING (1851)","x8bhfv93vx2f0dl1"
"ARBOGA TIDNING (1858)","8jrf0m0b6wlfwjv8"
"ARBOGA TIDNING (1881)","15760618"
"ARBOGA WECKOBLAD (1839)","22543035"
"ARBOGA WECKOBLAD (1847)","22543082"
"ARBOGA WECKOBLAD (1856)","5j6nd0qj3s46prhf"
"ARBOGA WECKOBLAD (1867)","cqlr87nb9gr3hb05"
"ARBOGABLADET","22543098"
"ARBOGAPOSTEN (1880)","9m98501r7hsqcspn"
"ARGUS DEN IV","kvjb49vfh4chdrgc"
"ARGUS, POLITISK, LITTERÄR OCH COMMERCIELL TIDNING","4dh5jrf823p1cj1c"
"ARLEKIN","x7wphqc8v59mf8st"
"AROS :, TIDNING FÖR WESTERÅS STAD OCH LÄN","6j664fm54k9h78t5"
"ARVIKA ALLEHANDA","kwkkhwm1hxcvjrjw"
"ARVIKA NYHETER","15760626"
"ARVIKA TIDNING","fs75wr6wchw1bd12"
"ARVIKAKURIREN","z9rh45bqwpljxd1h"
"ASKERSUNDS TIDNING (1857)","t79lmc8tr5b0bjl7"
"ASKERSUNDS VECKOBLAD","bqs34zkw8jm9l1rn"
"ASKERSUNDSTIDNINGEN SYDNERKINGEN","x9zf5tlfv9cx4t5c"
"AURORA","5k66mxr93kb6vdvk"
"AVESTA ALLEHANDA","4g4315n92svzknb3"
"AVESTA TIDNING","15760661"
"AVESTAPOSTEN","9nz0x36d751qbrhc"
"AVISEN, INTERNATIONELL TIDNING FÖR RESANDE","5g4xq12l3vh4780v"
"AXESS","4k3grxhz2rwgwq18"
"BAROMETERN","15760690"
"BENGTSFORSTIDNINGEN DALSLÄNNINGEN","15760697"
"BERGSLAGEN (FILIPSTAD : 1901)","8mgmdzc064zp21bv"
"BERGSLAGERNAS NYHETER (FILIPSTAD : 1905)","8m9rj7266sl3bp0q"
"BERGSLAGERNAS NYHETER (ÖREBRO : 1898), TIDNING FÖR NORA, KARLSKOGA, GRYTHYTTEHED, JÄRNBOÅS, HJULSJÖ, HELLEFORS OCH BJURKÄRN","6j0qcklh4xk009rx"
"BERGSLAGERNAS TIDNING","w77n93trt1gdq5pq"
"BERGSLAGSNISSE, BERGSLAGARNAS TIDNING : LÖRDAGSBILAGA","8l886nwf6q10tbrf"
"BERGSLAGSPOSTEN (LINDESBERG : 1882-)","6j664nrf4f23ddsz"
"BERGSLAGSPOSTEN (LINDESBERG : 1892-)","9khgh4vq7pxzc1r7"
"BERNINS TIDNING FÖR AFFÄR OCH SVENSK POLITIK","q1j0dbmznqs5jl61"
"BIKUPAN","s3l2ghwqqp57rb7q"
"BILAGA TILL ELFSBORGS LÄNS ANNONSBLAD","dqddb1z1bb5x19dv"
"BIRGER JARL, VÄGVISARE I STOCKHOLM","p2q6zrnnmrk2h5rs"
"BJÄRE NU","20902611"
"BLEKINGE FOLKBLAD (KARLSKRONA : 1903)","0dgrsrckxtd0trpt"
"BLEKINGE LÄNS TIDNING","15760702"
"BLEKINGE LÄNS TIDNING HVARANNANDAGSUPPLAGAN","bqs346gf8kk36z4b"
"BLEKINGEKURIREN (KARLSKRONA : 1892)","q3x3x2h5nxqjtsj1"
"BLEKINGEN (KARLSKRONA : 1885), BLEKINGE LÄNS TIDNINGS VECKOUPPLAGA","6j664w2s48bzdxqp"
"BLEKINGEPOSTEN (BRÄKNE-HOBY : 1945)","15760839"
"BLEKINGSPOSTEN (KARLSKRONA : 1885)","11653784"
"BLIXTEN, TIDNING TILL NYTTA OCH NÖJE","7k7751gv5vxq0fzj"
"BLÄNKAREN, RADIKALT ONSDAGSBLAD","7j60t6ft5l2mzb9x"
"BODEN","9kxh5v8v7429g2cp"
"BOHUS-KORRESPONDENTEN, NYHETS- OCH ANNONSBLAD FÖR MARSTRAND, KONGELF SAMT KRINGLIGGANDE LANDSORTER","t5ttrqm2rw3k12t6"
"BOHUSLÄNINGEN","15760845"
"BOHUSLÄNS ALLEHANDA, TIDNING FÖR BOHUSLÄN OCH DALSLAND","dp5qw221bc863l77"
"BOHUSLÄNS ANNONSBLAD (1891)","5gtrvlhr3pjnzsqc"
"BOHUSLÄNS NYHETS- OCH ANNONSBLAD","2b6c0t0r0p005mb7"
"BOHUSLÄNS TIDNING (1838)","08n6x0dkx6vf7v8r"
"BOHUSLÄNS TIDNING (1904)","m13dg748kvsw47hk"
"BOLLNÄS TIDNING (1876)","11653787"
"BOLLNÄS TIDNING (1898), ORGAN FÖR SÖDRA OCH VÄSTRA HELSINGLAND","cp6b5zjf9l59cpwn"
"BOLLNÄSNYTT","15760862"
"BOLLNÄSTIDNINGEN","dq7c760dbnwmt3sk"
"BONNIERS LITTERÄRA MAGASIN (ONLINE), BLM","3dsjhh091r9ffp9r"
"BORE","q1phbrctn6h8zp4m"
"BORLÄNGE TIDNING","15761096"
"BORLÄNGEPOSTEN","4g4434lb2ndn2tck"
"BORÅS TIDNING","15761097"
"BORÅS WECKOBLAD","22543464"
"BORÅSBLADET (GÖTEBORG : 1901)","w7wwvzp1t04fr566"
"BORÅSKURIREN","15761270"
"BORÅSPOSTEN","cpccbjfk9971lf6r"
"BORÅSPOSTEN HALFVECKOUPPLAGAN (1902)","s4ssr0bqqpx07gk1"
"BORÅSPOSTEN HALFVECKOUPPLAGAN (1903)","8nq1304j629108rl"
"BORÅSPOSTEN VECKOUPPLAGAN (1894)","w9cnqqknts75z6v0"
"BOTKYRKA DIREKT","21550853"
"BRAND","8k71vd3v6wxjfbx8"
"BRAVO, VECKOJOURNAL FÖR SVENSKA FOLKET","mzf5sw0bkn2lsqg1"
"BREDABLICK","s4ssr4tpqw8jprj4"
"BREFDUFVAN","8jwg4jnm6nb11m7m"
"BREFLÅDAN, TIDNING FÖR KRITIK OCH POLEMIK","grf72pqtd5hc8p7b"
"BROMMA TIDNING (2015)","17644143"
"BROMMADIREKT","8klfwg9j6csr5ml1"
"BRUNNS- OCH BADTIDNING","9kj9vg6x7qkxlxk9"
"BUDKAFLEN, TIDNING FÖR TIDSENLIGA REFORMER","1b0smb59z8tc6lxq"
"BÄRGSLAGSBLADET (KÖPING : 1892)","v4218xf7spq63f5k"
"BÄRGSLAGSBLADET (SALA : 1890)","15761323"
"BÄRGSLAGSKURIREN, TIDNING FÖR NORA DOMSAGA","v7wc40h9s7czwt5w"
"BÅLSTA/UPPLANDS-BRODIREKT","09nljbd1x8gx9rp9"
"BÅLSTABLADET","19341247"
"BÅLSTADIREKT","q12wczksnscqh33r"
"BÅSTADS TIDNING (LAHOLM : 1883)","z8xqm1qswc0qppmn"
"BÅSTADS TIDNING (ÄNGELHOLM : 1895)","1b0sp620zzwcds5m"
"BÅSTADSPOSTEN","w6vnk3lxtgrq0fwg"
"BÖRSTIDNINGEN","r2qjc5pqpbjmpfxz"
"BÖRSTIDNINGENS OFFERTBLAD","dqddcr98bdcgvvws"
"CHRISTIANSTADS WECKOBLAD","8h5snrr66g6q0z1j"
"CALMAR LÄNS OCH ÖLANDS ANNONSBLAD","22665227"
"CALMAR LÄNS OCH ÖLANDS TIDNING","22665228"
"CALMAR STADS TIDNING","22666417"
"CALMAR TIDNING","22666418"
"CALMARBLADET","22666421"
"CALMARPOSTEN (KALMAR : 1795)","22666425"
"CALMARPOSTEN (KALMAR : 1842)","kvddml5fh28xn436"
"CARLSCRONAS TIDNINGAR","19349355"
"CARLSCRONAS WEKOBLAD (1753)","19349349"
"CARLSCRONAS WEKOBLAD (1764)","19223423"
"CARLSHAMN","bnbbbqjl8xkpb43b"
"CARLSHAMNS POSTEN","22691436"
"CARLSHAMNS TIDNING","22691434"
"CARLSKRONA KYRKOTIDNING","22691744"
"CARLSKRONA TIDNING","22691437"
"CARLSKRONA TIDNINGAR","22691442"
"CARLSTADS ALLEHANDA","r3rrr7x9px9b2f04"
"CARLSTADS TIDNING","dm9xg65lbq3z8xwh"
"CARLSTADS TIDNINGAR","4c1nf1nh2fgfld9r"
"CARLSTADS WECKOTIDNINGAR","7g4rldsh5cqm3jqx"
"CHRISTIANSTADS ANNONSBLAD, ANNONSTIDNING FÖR SÖDRA SVERIGE","p1ppp760mhffc64z"
"CHRISTINEHAMNS ALLEHANDA","hrtpwhl9fdhf969p"
"CHRISTINEHAMNSBLADET","22688444"
"CIMBRISHAMNS ALLEHANDA","frfff1wpcnltjntz"
"CIMBRISHAMNSBLADET","8lfcmwm76msp0457"
"CITY LUND","15761347"
"CITY MALMÖ","15761349"
"CORRESPONDENCE DE STOCKHOLM","p24f6zmnms4w7k2r"
"CORRESPONDENTEN","3d4r11sd1458s94t"
"CORSAREN","3f332jr21ct3j07s"
"DA JI YUAN SHI BAO","19348950"
"DAGBLADET (STOCKHOLM : 1888)","mxkqfwjmkw3z4knx"
"DAGBLADET (SUNDSVALL : 1955), NYA SAMHÄLLET","15761352"
"DAGBLADET: WÄLSIGNADE TRYCK-FRIHETEN","10549139"
"DAGEN ( STOCKHOLM : 1888)","v5szn6kmsz3mzxz9"
"DAGEN (2004)","15761357"
"DAGEN (STOCKHOLM : 1845)","hsfl91vkfplsfr6s"
"DAGEN (STOCKHOLM : 1896)","lwjpd1k5jwmvstk6"
"DAGENS ETC","16957833"
"DAGENS FRÅGOR","9l7d3wqj7zts0lth"
"DAGENS INDUSTRI","13991095"
"DAGENS NYHETER","13991099"
"DAGLIGT ALLEHANDA","13506739"
"DAGSTELEGRAFEN","x7v1qprsvdqcnwgq"
"DALABLADET (1906)","6h8x48n84lhpg4td"
"DALABYGDEN, TIDNING FÖR KOPPARBERGS LÄN","15761375"
"DALADEMOKRATEN","15761390"
"DALAPOSTEN, NYHETS- OCH ANNONSBLAD FÖR DALARNE","s3qwm1pzq6v3h4vs"
"DALARNAS NYHETER","s3qwmdbrqcb1zz7x"
"DALARNE (FALUN : 1876)","w6t0q6qztrhvqpw1"
"DALARNE (FALUN : 1884), ILLUSTRERAD VECKOTIDNING FÖR DALARNES ALLA SAMHÄLLSKLASSER","hsflbv8mfq0hw3h1"
"DALARNES ALLEHANDA, NYHETS- OCH ANNONSTIDNING FÖR FALU STAD OCH LÄN","6h491mw64jbd5rn4"
"DALARNES TIDNING, NYHETS- OCH ANNONSTIDNING FÖR FALU STAD OCH LÄN","8k6c3rq96v5wzn9d"
"DALMASEN, ORGAN FÖR ÄKTA DALKARLAR","kvhncf95hvfqvrlr"
"DALPILEN (1854)","11653790"
"DALSLAND","grdk9m4cd0wqp71n"
"DALSLANDS NYA TIDNING","cm67pgk49tz56k54"
"DANDERYDDIREKT","r23xd23ppdv937dt"
"DANDERYDS NYHETER","17644154"
"DEBET, TIDNING FÖR OFFICIELLA UPPGIFTER RÖRANDE SKULDFORDRINGSMÅL I STOCKHOLM OCH GÖTEBORG","jxqjmrqjgk1rxkg8"
"DEMENTIN","q92hlgnknnmbdx8f"
"DEN ANSPRÅKSLÖSE SAMLAREN","kvv85mtphpj8406x"
"DEN CONSERVATIVE, TIDNING FÖR LUGNETS, ORDNINGENS OCH DET BESTÅENDES VÄNNER","6gf775hn4jd5h4s3"
"DEN FLYGANDE POSTEN","z738x2lgwz68krwc"
"DEN KONSTITUTIONELLE","3cg4htb01r61b20w"
"DEN NYA TIDEN, DEMOKRATISKT ORGAN","lwjpfj81jf0pt04v"
"DEN SVENSKE ARBETAREN (GÖTEBORG : 1903)","jtbqhwmng5317nsd"
"DEN SVENSKE ARBETAREN (STOCKHOLM : 1888)","r2qjd78qpdwh45jt"
"DEN SVENSKE ARBETAREN (STOCKHOLM : 1894)","x7wpkg32v5f09c92"
"DEN SVENSKE NATIONALSOCIALISTEN, HUVUDORGAN FÖR NATIONALSOCIALISTISKA ARBETAREPARTIET","l6k3r195jrvg135v"
"DILETTANTEN, WECKOBLAD FÖR SUNDSWALLS STAD","r11f2jptphv31hb2"
"DIN LOKALTIDNING","15761402"
"DJURSHOLMS TIDNING","q1ntkttvnvhh8qt0"
"DUSCH","2c05xl750p32h4nb"
"ETC GÖTEBORG","20822347"
"ETC, NYHETSMAGASIN","fzkgv0m8cfnsz0zm"
"ECONOMISK TIDNING, FÖR WESTERGÖTLAND","pzbhlhd4mwtwnftt"
"EESTI PÄEVALEHT","15761478"
"EFTERÅT, TIDSKRIFT FÖR SPIRITISM OCH DERMED BESLÄGTADE ÄMNEN","8p8sv7sj63bbdm7f"
"EIRA, TIDSKRIFT FÖR HÄLSO- OCH SJUKVÅRD","csmc30x694kw8m8w"
"EKO (STOCKHOLM : 1875), ILLUSTRERAT MÅNADSBLAD","0b00zhg7xrt8q3v4"
"EKO (STOCKHOLM : 1887), POPULÄR MÅNADSSKRIFT","w7wwvg3kt7nc59pj"
"EKO (STOCKHOLM : 1893)","7k776tx257vs7hbv"
"EKONOMISKA UNDERRÄTTELSER","w56crtq9tt6662qd"
"EKSJÖPOSTEN","2d222qgf087dnqmg"
"EKSJÖTIDNINGEN","gtntl2h0dnjdqj1k"
"ELFSBORGAREN","n0tfjb0qlqbkqfps"
"ELFSBORGS LÄNS ANNONSBLAD","8n5cq07b68ltgfrg"
"ELFSBORGS LÄNS TIDNING","9p6ds75m7sbcpn3v"
"ENA HÅBOTIDNINGEN","15761482"
"ENA HÅBOTIDNINGEN","5nlg8ctk3qh5cs3k"
"ENGELHOLMS TIDNING (1857)","22017487"
"ENGELHOLMS TIDNING (1867)","bm930l3c8qpg0r59"
"ENGELHOLMS WECKOBLAD","9l08t3mb7fvgk0d9"
"ENGELHOLMSPOSTEN (ÄNGELHOLM : 1877)","fq4d0dj4cjhl73w7"
"ENGELHOLMSPOSTEN (ÄNGELHOLM : 1897)","x7mwgsclvc3j7dzz"
"ENKÖPINGDIREKT","t450g6grrn72b8v0"
"ENKÖPINGS TIDNING (1880)","z9zzxrhfw4443wzb"
"ENKÖPINGS TIDNING (1885)","k0p4zpn5hzsx47pt"
"ENKÖPINGS WECKOBLAD (1856)","bmm5rpx68vngvjx2"
"ENKÖPINGS WECKOBLAD (1863)","mzsdgg27kdvldmcd"
"ENKÖPINGSBLADET","fsgxpngscc55nrcd"
"ENKÖPINGSPOSTEN","15761484"
"EPOCH TIMES, RENA NYHETER","bqcghlzv8wql8fss"
"ESKILSTUNA ALLEHANDA (1844)","3fccrqd61v7hwcl0"
"ESKILSTUNA ALLEHANDA (1873)","r311fgtqpx2kqlp7"
"ESKILSTUNA TIDNING (1837)","22543543"
"ESKILSTUNA TIDNING (1867)","r16db0sbplpfkcgg"
"ESKILSTUNA WECKOBLAD","22544462"
"ESKILSTUNAKORRESPONDENTEN","hthhh7n3fd5xpmpd"
"ESKILSTUNAKURIREN","15761488"
"ESKILSTUNAPOSTEN, TIDNING FÖR NORRA SÖDERMANLAND","t5xq80m2rv2g2rb1"
"ESKILSTUNATIDNINGEN","5hbx02z93958jl99"
"ESLÖFS TIDNING","gq3nb38hdcxbh58c"
"EXEKUTIVA UPPGIFTER","hsfzc8nzfpkcrb26"
"EXPRESS","lxrcg6qjj12psd2x"
"EXPRESSEN","13991089"
"EXTRA BODEN","15761505"
"EXTRA LULEÅ","15869388"
"EXTRA POSTEN","fr68l00jcg04rf3f"
"EXTRA ÖSTERGÖTLAND","15869406"
"EXTRABLADET (TRELLEBORG : 1911)","8tnllzgc60dw9tpr"
"FAGERSTAPOSTEN","15869456"
"FAHLU TIDNING (1822)","t71txp3lr6fvkjbx"
"FAHLU TIDNING (1838)","8lf7xd5p6w2nmshm"
"FAHLU WECKOBLAD","11653792"
"FALKENBERGS NYA TIDNING, NYHETS- OCH ANNONSBLAD FÖR MELLERSTA HALLAND","v6vvvn2qst9p4rc2"
"FALKENBERGS TIDNING","l1v9gm8jjx3ntn8g"
"FALKENBERGSBLADET","6gmvgws941nm68bq"
"FALKENBERGSPOSTEN (1905)","q50flxpznt1v5mmk"
"FALKENBERGSPOSTEN (2011)","15869483"
"FALKÖPINGS TIDNING","15869824"
"FALKÖPINGSPOSTEN","8pjz4ksx617r957r"
"FALU LÄNSTIDNING","20784999"
"FALUKURIREN","15870434"
"FALUPOSTEN (1869)","11653794"
"FAMILJENYHETERNA","q2qqpl2qn7s8xstz"
"FIGARO (1878), KONST, KULTUR, KRITIK","bm8s65t087wpb5ls"
"FILIPSTADS STADS OCH BERGSLAGS TIDNING","2ds6hrcg04r3qmv1"
"FILIPSTADS TIDNING","15871796"
"FINANSTIDNINGEN (1892), SJELFSTÄNDIGT ORGAN I FINANS-, INDUSTRI- OCH FÖRSÄKRINGSFRÅGOR","p1vgk75nmxdpnd3d"
"FINNVEDEN NU","15871833"
"FJÄLLÖRNEN","gq4mc2x8dqvjsrvp"
"FLAMMAN","fzf53nqxcnk53n1f"
"FLYGANDE BLADET, NÖJE OCH TIDSFÖRDRIF, RÅD OCH UPPLYSNINGAR","4dz0gbgm20dxrkkm"
"FLYGBLAD FÖR ALLMÄN RÖSTRÄTT","2d6s0q1n05hxxptp"
"FLYGBLADET VÄSTRA UPPLAND","16958107"
"FLYGPOSTEN","lxlllgp9jd52rqbj"
"FOLKBLADET (GÖTEBORG : 1879)","1c112zpfz80n2wwz"
"FOLKBLADET (NORRKÖPING : 1981)","15871865"
"FOLKBLADET (SKARA : 1880), WECKOTIDNING FÖR ALLA SAMHÄLLSKLASSER","s29zj2lrqkz99962"
"FOLKBLADET (STOCKHOLM : 1849)","bm5cmj1s80xb7xcf"
"FOLKBLADET (STOCKHOLM : 1894)","4j3mknv028z65bls"
"FOLKBLADET (UMEÅ : 2012)","15871893"
"FOLKBLADET FRAMTIDEN, ORGAN FÖR FOLKUPPFOSTRAN OCH SOCIALPOLITIK","p1pppm1zms2q0wrk"
"FOLKET (1906)","n2m53fp0l19c2s60"
"FOLKET (1989)","15873049"
"FOLKET I BILD/KULTURFRONT","mx5bbtqbk7584lcx"
"FOLKETS RÖST (GÖTEBORG :1887), RADIKAL FOLKTIDNING FÖR VESTRA SVERIGE","mzmmnm4vk6zf4hzx"
"FOLKETS RÖST (STOCKHOLM : 1849)","11653796"
"FOLKETS TIDNING","1d3tk306zgb6hgrt"
"FOLKETS VÄN, NYHETS- OCH ANNONSTIDNING","dqdc9n7kb9tk004v"
"FOLKTIDNINGEN (GÖTEBORG : 1895)","bnhd068q8gm95ss9"
"FOLKTIDNINGEN (SÖDERKÖPING : 1888)","0dj28l98x51tg4zg"
"FOLKVILJAN (1882)","4g9w090g2g5h5s08"
"FOLKVILJAN (1891)","p1pppp4dm7tj1fn8"
"FORTUNA","hrqjp7xdfbqkfn13"
"FORTUNA-POSTEN, TIDNING FÖR IN- OCH UTLÄNDSKA STATS- OCH STADSOBLIGATIONER SAMT LOTTERIER","pzxqwjpnmghprdm4"
"FOSTERLANDET (1873)","r3xthrplp0cgvpw2"
"FOSTERLANDET (1886)","v65zrj99sblmx4n5"
"FOSTERLANDSVÄNNEN","gts4rxc8dpqp9q78"
"FOSTERLÄNDSK TIDNING","mw8thf1fkcg0qsj5"
"FOSTERLÄNDSKA VECKOBLADET","v6vvvx27s38jc2vb"
"FRAM, ÖSTERGÖTLANDS DAGBLADS VECKOUPPLAGA","1bn73m7qzdxzpx1b"
"FRAMTIDEN","7k764k1s5zxdsrm1"
"FRAMÅT (MALMÖ : 1871)","fqjvnv85cs31gx37"
"FRAMÅT (STOCKHOLM : 1865), TIDNING FÖR MENIGE MAN","9mg25rvm7wxtx0l8"
"FREDSVÄNNEN, MÅNADSBLAD FÖR FREDS- OCH SKILJEDOMSFÖRENINGEN I SVERIGE","5fnbwbt93jkpfg14"
"FREJA","22688237"
"FREJA, ILLUSTRERAD SKANDINAVISK MODETIDNING","7nb3k2pq55q4mrlh"
"FRIA ORDET","2d22269t0f6p5rbw"
"FRIA TIDNINGEN","15873151"
"FRIDSBUDET, TIDNING FÖR DET KRISTLIGA HEMMET","kwkkkqd4hrg4lg46"
"FRIHETSVÄNNEN","x83psbl5v3qw5v32"
"FRISK LUFT","8kcphs3j65wq8s2g"
"FRISKYTTEN (ESKILSTUNA : 1883), TIDNING FÖR SKÄMT OCH ALLVAR","6gmt0kmp4ml7qc3b"
"FRISKYTTEN (STOCKHOLM : 1847)","cmwdtf9h9l1mqjd5"
"FRYKEN, TIDNING FÖR FRYKSDALEN","p1vgkdkvm59mwkk4"
"FRYKSDALEN : NYHETS- OCH ANNONSBLAD FÖR FRYKSDALEN MED OMNEJD","p2bl173jmqx7dfsp"
"FRYKSDALINGEN, TIDNING FÖR SUNNE OCH OMKRINGLIGGANDE BYGDER","7k7789tc5njgwvk1"
"FRYKSDALSBYGDEN (KARLSTAD : 1941)","15873169"
"FRÅN BIRGER JARLS STAD","m08jzxk9kd8gn741"
"FRÅN MÄLARSTRAND, EN MIDSOMMARTIDNING","0b0007dpxwv6mc3m"
"FYRBÅKEN","s4zknszmq29m83ns"
"FYREN, VECKOTIDNING FÖR ALLVAR OCH SKÄMT","9m999ljb76rgbg2v"
"FYRIS","5fd674q93fmsdj5q"
"FÄDERNESLANDET (1928)","sc645t38q5jr9fnp"
"FÄDERNESLANDET (1933)","3nhfgrrw1tbdfw6v"
"FÄDERNESLANDET (STOCKHOLM : 1830)","bnll0nsn8xm559n9"
"FÄDERNESLANDET (STOCKHOLM : 1849)","p1vgk1djm8qjjbq2"
"FÄDERNESLANDET (STOCKHOLM : 1852)","v5tmgdl9s8gj4lqb"
"FÖR ALLA","3cf9h6bl19w7g6fd"
"FÖRPOSTEN","0f4kdb8tx40h3pb8"
"FÖRSAMLINGSVÄNNEN","s5fp4swsqj46zrwp"
"FÖRSTADSBLADET","1dnxcgsjzvcfjlg4"
"GT (1967)","js70j1kpgssdn45z"
"GT (1995)","15873313"
"GT SÖNDAGSTIDNINGEN","20791221"
"GAMLA BREFLÅDAN, TIDNING FÖR KRITIK OCH POLEMIK","w60b4hsxtcf7jnjq"
"GANYMEDES, TIDNING FÖR SKANDINAVIENS HOTELLVÄSEN OCH KOKKONST","1c4xg8t6z9767936"
"GEFLE ARBETAREBLAD","9md6qqhs7cqm2m3t"
"GEFLE BÖRS","9md6qmcn7h1ngmvb"
"GEFLE DAGBLAD","15873179"
"GEFLE WECKOBLAD","22572779"
"GEFLEBLADET","4hbh93cv231rs4bw"
"GEFLEBORGS LÄNS TIDNING (1836)","22551975"
"GEFLEBORGS LÄNS TIDNING (1889)","0f4kdkj8xlwqxsdb"
"GEFLEBORGS LÄNS TIDNING VECKOUPPLAGA","cshxr2p89v2bq123"
"GEFLEPOSTEN (1859)","p4t83hx2m9scps9x"
"GEFLEPOSTEN (1864)","9qxp9pm073wrd1c7"
"GEFLEPOSTEN VECKOUPPLAGAN, TIDNING FÖR GEFLEBORGS LÄN","8p2rd36q6hzk2hpk"
"GEFLETIDNINGEN","q3x3wxzjn76ptn7g"
"GELLIVAREBLADET, NYHETS- OCH ANNONSTIDNING FÖR GELLIVARE, MALMBERGET OCH KRINGLIGGANDE BYGD","19n7wxthzfmpz1rt"
"GENGÅNGAREN","5f01hkb03xrtt2ps"
"GESTRIKLAND, NYHETS- OCH ANNONSTIDNING","2h6mgzb40lxvpr5n"
"GEVALIA, VÄGVISARE I GEFLE","zb5b3tn0w3lh5pxx"
"GIFTERMÅLSTIDNINGEN","hr6b5gdtf3rbnh2p"
"GLUNTEN","0865fz1qxk7sj8hn"
"GNESTA TIDNING","9kfl8klg71s2xg5v"
"GNISTAN (BORÅS : 1895)","brgwrbd78h47wz6z"
"GOTLAND","s7l9ztf9q2c2w09t"
"GOTLANDS ALLEHANDA","15873241"
"GOTLANDS LÄNS NYA TIDNING","8mgmhvsr6rv85l42"
"GOTLANDS LÄNS TIDNING","ht6wdj34ffgt7jjr"
"GOTLANDS TIDNING (1859)","kxrxs8plhpb9zx4s"
"GOTLANDS TIDNING (1867)","11653799"
"GOTLANDS TIDNINGAR","15873259"
"GOTLANDSPOSTEN","kxrxsckshg2bhq0h"
"GOTLÄNNINGEN","4hxvllh92046zcd1"
"GRANSKAREN (MALMÖ : 1886)","9khgsxlb7bf3s1n7"
"GRANSKAREN (STOCKHOLM : 1820)","fxc1rx8dcm5qkzq4"
"GREBBESTADSPOSTEN","0c1h894nxzlrxw4l"
"GRENNA NYHETER OCH ANNONSBLAD","z92vdgbxws74jpm9"
"GRENNA TIDNING","t3np592hr4njw7gk"
"GRENNAPOSTEN (GRÄNNA : 1891), TIDNING FÖR GRENNA, VISINGSÖ OCH ÖFRIGA VISTA HÄRAD","zd3jd1v5wzzhqqd3"
"GRIPEN (MALMÖ : 1850)","s4zv7gt0qxbjft66"
"GRIPEN (MARIEFRED : 1866)","hxm2xn2pf3rcvq3b"
"GRIPEN (SÖDERTÄLJE : 1880)","t5xq7q5xrxgsr876"
"GRYTHYTTE TIDNING","p49c4nmmm12p09wr"
"GRÄSTORPSTIDNINGEN","gthzqtcwdsh1q51z"
"GULD","v5rcghg6shzhvqvv"
"GÄSTRIKLANDS TIDNING","15873337"
"GÅRDAKURIREN","5js2hjnb38ht3pxd"
"GÖTA","22688448"
"GÖTA LEJON, TIDNING FÖR GÖTEBORG OCH ANGRÄNSANDE LÄN","xc2hc60vvmt23gvc"
"GÖTEBORG","5l9qlvdw3qlmbbrv"
"GÖTEBORGDIREKT CENTRUM","2gkkc2mj0xzmq0km"
"GÖTEBORGDIREKT MAJORNA-LINNÉ","q4770gk5n78mhjzx"
"GÖTEBORGS ADRESSTIDNING","l1q51fr9jb49zqvq"
"GÖTEBORGS AFFÄRSMÄNS NOTERINGAR","mwvns6k1k3j5kw4f"
"GÖTEBORGS AFTONBLAD (1888)","2647969"
"GÖTEBORGS AFTONBLAD (1923), DAGLIG TIDNING FÖR GÖTEBORGS STAD OCH VÄSTRA SVERIGE","20792273"
"GÖTEBORGS AFTONBLAD (1938)","20792299"
"GÖTEBORGS ALLEHANDA (1880)","n3s74v6hl1hp5w4t"
"GÖTEBORGS ANNONSBLAD","r1fdgjfxp99fj1tv"
"GÖTEBORGS ANNONSTIDNING","1g5lhb1vzt44cb7t"
"GÖTEBORGS DAGBLAD (1894)","jvmfz3bdg1v2731w"
"GÖTEBORGS DAGBLAD (1918)","20792444"
"GÖTEBORGS FRIA TIDNING","15873350"
"GÖTEBORGS HANDELS- OCH SJÖFARTSTIDNING (1832)","19225758"
"GÖTEBORGS HYRESLISTA","dr64vzkkbdjcsbst"
"GÖTEBORGS KOMMUNIKATIONER","n2lfc68dl27bhxdf"
"GÖTEBORGS MARKNADSBERÄTTELSE (1880)","xc2hd9stvzbsm757"
"GÖTEBORGS MARKNADSBERÄTTELSE (1886), TIDNING FÖR KÖPMÄN","hx90nppwf29bhqjg"
"GÖTEBORGS MORGONPOST","9qwzqhb8752nwn8z"
"GÖTEBORGS NYHETER (1884), TIDNING FÖR HANDEL, NYHETER OCH POLITIK","6mbrnndn4ns2scmn"
"GÖTEBORGS NYHETER (1892)","3jlkf4c61gwjmljd"
"GÖTEBORGS OCH BOHUS ALLMÄNNA LÄNSTIDNING","3f60jqkz13mt0pb8"
"GÖTEBORGS VECKOTIDNING","4kmlg9x02p4g6zxc"
"GÖTEBORGS WECKOBLAD (1867)","cqkqhm4f9v75fvvn"
"GÖTEBORGS WECKOBLAD (1875)","11653801"
"GÖTEBORGSKURIREN (1890), VESTRA SVERIGES ALLMÄNNA NYHETS- OCH ANNONSBLAD","r6kb9rtbpgrjv692"
"GÖTEBORGSPOSTEN","15873371"
"GÖTEBORGSTIDNINGEN (1902)","8pdtrgrp6n5hx3lh"
"GÖTEBORGSTIDNINGEN (1902-1967)","08gt5gslx86s2vmk"
"GÖTEBORGSTIDNINGEN DAGBLADET","v8dx4jhgsxcmt9zg"
"GÖTENE TIDNING","15873575"
"GÖTHA RUNOR","22576788"
"GÖTHEBORGS ALLEHANDA","19225772"
"GÖTHEBORGS BÖRSUNDERRÄTTELSER","8m9fc7mf6f8w4mch"
"GÖTHEBORGS DAGBLAD (GÖTEBORG : 1828)","22576816"
"GÖTHEBORGS DAGBLAD (GÖTEBORG : 1848 )","22576838"
"GÖTHEBORGS LÖRDAGSBLAD","22576865"
"GÖTHEBORGS OCH BOHUS LÄNS TIDNING","22576874"
"GÖTHEBORGS STADSTIDNING OCH DAGLIGA ANNONSBLAD","22576888"
"GÖTHEBORGS TIDNINGAR","22576914"
"GÖTHEBORGS WECKOLISTA","11653803"
"GÖTHEBORGS ÅTTONDE HANDELS- OCH SJÖFARTSTIDNING, DAGLIGT ANNONSBLAD OCH SKEPPSLISTA","5j6b86cl3cc64s9v"
"GÖTHEBORGSBLADET","22576962"
"GÖTHEBORGSKA NYHETER","19225792"
"GÖTHEBORGSPOSTEN (GÖTEBORG : 1813)","22576918"
"GÖTHEBORGSPOSTEN (GÖTEBORG : 1850), TIDNING FÖR HANDEL, SJÖFART, INDUSTRI OCH NÄRINGAR","bpflv3mm8fj8kf1w"
"GÖTHEN","22576928"
"HP & PT : HÄRRYDA-POSTEN PARTILLE TIDNING","2bw3n40w0g61651s"
"HAAPARANNANLEHTI","22692630"
"HALLAND","p0dpndstm1j2p20v"
"HALLANDS ALLEHANDA, TIDNING FÖR HALLANDS LÄN","dp3dc6pxbtjzj7nc"
"HALLANDS ALLMÄNNA LÄNSTIDNING","bm1bbmzs8gsn5brm"
"HALLANDS LÄNS TIDNING (HALMSTAD : 1824)","22647335"
"HALLANDS LÄNS TIDNING (HALMSTAD : 1825)","22618157"
"HALLANDS NYHETER","15873620"
"HALLANDS TIDNING","lw9ll0v7j4ldgg76"
"HALLANDSPOSTEN","15873871"
"HALLANDSPOSTEN (HALMSTAD : 1850)","kt3l1snwhwcfs0dp"
"HALLÄNDINGEN (HALMSTAD : 1903), TIDNINGEN HALLANDS HALFVECKOUPPLAGA","dp6b8r5qbsdwg2pp"
"HALLÄNDINGEN (VARBERG : 1888)","r2grr9nwp7j30pm4"
"HALLÄNDSKA TIDNINGEN","22647366"
"HALLÅ HELSINGBORG","16930836"
"HALLÅ HÖGANÄS","16930960"
"HALLÅ KÄVLINGE/LÖDDE","17818275"
"HALLÅ LANDSKRONA","16930967"
"HALLÅ LOMMA/BJÄRRED","17818281"
"HALLÅ LUND","19273295"
"HALLÅ MALMÖ","19273299"
"HALLÅ VELLINGE/HÖLLVIKEN","17818282"
"HALLÅ VÄSTRA MALMÖ","19273301"
"HALLÅ ÄNGELHOLM","16930972"
"HALMSTAD 7 DAGAR","15873896"
"HALMSTADS TIDNING (1811)","q03r15n0nb34nrc1"
"HALMSTADSBLADET","3h93726d1t5dkvq4"
"HANDELS TIDNING","cncldqjf9tq6c9xh"
"HANDELS TIDNING FRÅN GEFLE","22572522"
"HANDELSARBETAREN, FACKTIDNING FÖR SVENSKA VARUUTKÖRARE- OCH HANDELSARBETARFÖRBUNDET","7nt0w0qz5xpprjsj"
"HANDELSNYTT (PRINT), HANDELSARBETAREN : ORGAN FÖR SVENSKA HANDELSARBETAREFÖRBUNDET","s7dkhv7jq04tsqfw"
"HANDELSTIDNINGENS VECKOBLAD (1859)","8k18nl2q63ktssjz"
"HANDELSTIDNINGENS VECKOBLAD (1896)","fq6ftvhxc5jnw61r"
"HANDTVERKS- OCH INDUSTRI-TIDNING","mwzt1xxpk74xz2cb"
"HAPARANDABLADET, HAAPARANNANLEHTI","15873939"
"HEDEMORA TIDNING","t3z4sc5zrl9334vw"
"HEDEMORAPOSTEN, NYHETS- OCH ANNONSTIDNING FÖR SÖDRA DALARNES STÄDER OCH BYGD","z7dm1336w2w4qc2f"
"HELA SVERIGE, ALLMÄN VECKOTIDNING FÖR SVENSKA FOLKET","mxggr5vck5wn25s4"
"HELSI, TIDNING FÖR HELSINGLAND","r125zk4zp8t6xvt7"
"HELSINGBORGS DAGBLAD","15873963"
"HELSINGBORGS TIDNING","fq2mh458cqj1m7ck"
"HELSINGBORGSPOSTEN","22598372"
"HELSINGBORGSPOSTEN SKÅNE HALLAND","gwzxsr4vdvvpl6xt"
"HELSINGBORGSPOSTEN SKÅNE HALLAND HALVVECKOUPPLAGAN","jzb32n2fgstnpr4m"
"HELSINGBORGSPOSTEN SKÅNE HALLAND VECKOUPPLAGA","v9nfdf54sb03q034"
"HELSINGBORGSTIDNINGEN SKÅNES ALLEHANDA (1881)","v66m840wspb6qfh2"
"HELSINGBORGSTIDNINGEN SKÅNES ALLEHANDA (1885), DAGLIG AFTONTIDNING","q4mt7dxxng2lg5pz"
"HELSINGEN (SÖDERHAMN : 1857)","cmnrk8fm9f8485sl"
"HELSINGEN (SÖDERHAMN : 1882)","w5694vh4t3lk3nhk"
"HELSINGLANDS WECKOBLAD, HUDIKSVALLSPOSTENS VECKOUPPLAGA","bnnd1lpv8636nn2b"
"HELSOVÄNNEN, TIDSKRIFT FÖR ALLMÄN OCH ENSKILD HELSOVÅRD","9qbkk0v87ztnwl3s"
"HEMBYGDEN, VECKOTIDNING FÖR GESTRIKLAND MED NÄRGRÄNSANDE ORTER","dnt2gfmqb88fng96"
"HEMFRID, VECKOTIDNING FÖR HEMMET","hs6gxv3rfhp5gwrz"
"HEMLANDET, POLITISK VECKOTIDNING PÅ SANT KRISTLIG GRUNDVAL","6hw5mn7n41xpxj5k"
"HEMLANDSPOSTEN","t4js8cfvrft4dkxm"
"HEMLANDSPOSTEN HALFVECKOUPPLAGA","p0dn497rmmcg9w5v"
"HEMLANDSVÄNNEN, NYHETS- OCH MISSIONSBLAD FÖR SVENSKA FOLKET","mxbl29jwkk71q6bj"
"HEMMANSEGAREN","r2gq7vw8pxnkxjr8"
"HEMMETS TIDNING (STOCKHOLM : 1894)","2cr1hsnn0t10xsg5"
"HEMMETS VÄN, EVANGELISK LUTHERSK VECKOTIDNING","dp3cvmt3b65txsrh"
"HERMODER, TIDNING FÖR CALMAR LÄN","fp89r0jgc1j66vqd"
"HERNÖSANDS LÄNS KRÖNIKA","fq4dwq51cpzmg25c"
"HERRGÅRDSBLADET, ILLUSTRERAD SVENSK LANDTBRUKS-ADRESSBOK","09r3pqfwxlk3nshc"
"HESSLEHOLMS TIDNING (KRISTIANSTAD : 1889)","dp3cvr6pbvr85qcw"
"HJO WECKOTIDNING","22692595"
"HJO TIDNING","15874068"
"HJO TIDNING (HJO : 1847)","22692594"
"HJULSPORT, TIDNING FÖR SVERIGES VELOCIPEDRYTTARE","p4x78grbmx2sf38v"
"HOTELLTIDNING","9l6s07937611wg1k"
"HUDDINGE DIREKT","21551197"
"HUDIKSVALLS ALLEHANDA","mzglf9h7kgcp4jnp"
"HUDIKSVALLS NYHETER","x8rwqpdzvqwljlv2"
"HUDIKSVALLS TIDNING","15874101"
"HUDIKSVALLSPOSTEN","nzmfb1psllx1z2pz"
"HUDIKSVALLSTIDNINGEN","20792470"
"HUDIKSWALLS WECKOBLAD","n0tq4t67ltm314qw"
"HUFVUDSTADSBLADET","v46289xcsns5v99t"
"HULTSFREDS TIDNING","s3mmxdgzqkgqdsr9"
"HULTSFREDSPOSTEN","jtd61zk5gxk41xsn"
"HVAD HAR HÄNDT","4gddszsg2h8rpj8h"
"HVAD HAR HÄNDT (1856), VECKOBLAD FÖR LULEÅ STAD","6gtd38tk4dh3xwr6"
"HVAD HAR HÄNDT (UMEÅ : 1847)","19vwcn47zkdzg6jt"
"HVAD NYTT (EKSJÖ : 1843), EKSJÖ TIDNING","22543123"
"HVAD NYTT FRÅN STOCKHOLM","7hx2vzmp532ckmmk"
"HVAD NYTT I DAG, SAMMANDRAGEN UPPLAGA AF STOCKHOLMSTIDNINGEN","kzlsgkndhz39mh6m"
"HVAR 8 DAG","22549199"
"HVARDAGSNISSE, ILLUSTRERAD SKÄMTTIDNING","fq88kp4vcdg2fgnp"
"HVARJEHANDA (STOCKHOLM : 1869), VECKOTIDNING FÖR SKÄMT OCH ALLVAR","htrr5wwwf8hnbxgr"
"HVARJEHANDA (STOCKHOLM : 1885)","dp77jqvfb8nfp273"
"HVETLANDA TIDNING","n38b32w2lmzd1fsz"
"HWAD NYTT","22576920"
"HYRESLISTA, UTGIFVEN AF UTSTÄLLNINGENS INQVARTERINGSBYRÅ","9kmhptgv75sp979m"
"HYRESLISTAN (NORRKÖPING : 1892), ANNONSTIDNING FÖR NORRKÖPING","bnll1l6q813q4q0k"
"HYRESTIDNINGEN","ktwrz5bpht22m7cf"
"HÄFTEN FÖR KRITISKA STUDIER","t6l1d0nfr9nkfbm9"
"HÄRJEDALEN (ÖSTERSUND : 1944)","15874118"
"HÄRNÖSANDSPOSTEN","19277063"
"HÄROLDEN (GÖTEBORG : 1876)","z977nbw1wds74hcw"
"HÄRRYDAPOSTEN","15975085"
"HÄSSELBY TIDNING","17644160"
"HÄSSELBYDIREKT","r23xd72hpjfd7bbb"
"HÖGANÄS & KULLENS TIDNING","kwtt8zdmhmkpkqtq"
"HÖGANÄS TIDNING","22552304"
"HÖGANÄSPOSTEN","9mkkzvcs7hbtvz7g"
"HÖGLANDET NU","17617344"
"HÖRBY DAGBLAD (1902)","p0jjtczbmr9qwvjn"
"HÖRBYPOSTEN CENTRALSKÅNE","r2v60gjkplkw242j"
"HÖRBYTIDNINGEN ( LUND : 1892)","dp77kcpjbj7n14hp"
"HÖRBYTIDNINGEN (LUND : 1891)","mzwwb465k55kndn1"
"I DAG (GÖTEBORG : 1990)","cm2tg3tt96n3wc9t"
"IDROTTSBLADET","xd5zc8xlv9675dlt"
"ILBUDET","22683133"
"ILLUSTRERAD LANDTBRUKSTIDNING","pxlr0d40m8t3z7l6"
"ILLUSTRERADT ALLEHANDA","6g4xbwm64j2fhfm1"
"ILLUSTRERADT HVAD NYTT","5f3w90z8331rr62d"
"INBLICK (ÄLMHULT)","5p6tz24338pg23w7"
"INDUSTRIBLADET","w5tm2v99tb54z3sx"
"INRIKES TIDNINGAR","11653806"
"INTERNATIONELL TEATERREVY","bl82hd3186mkvbx6"
"JEMTLAND, VECKOBLAD AF ÖSTERSUNDSPOSTEN","jtg0d5rpgkln56sw"
"JEMTLANDS TIDNING","3ddtqlb61z7bhshz"
"JERNVÄGS OCH ÅNGBÅTSTIDNING","fpqw9b2ccqgngxl6"
"JERNVÄGS ÅNGBÅTS & HOTELLTIDNING","dnt2f5mzbcr463vf"
"JERNVÄGSMÄNNENS TIDNING","httk6tx9fz3jppn8"
"JORDBRUKARENS TIDNING","frpp3wqwcd4hc7s5"
"JORDEMODERN","1g4rsk7bzq6gf3db"
"JORDEN RUNDT (STOCKHOLM : 1879)","z99qcblhwtlhj41m"
"JORDEN RUNDT (STOCKHOLM : 1889)","2cww6g1m0g4cmxhc"
"JOURNAL FÖR SVENSK LITTERATUR","tbrf63tdrm6l1cl6"
"JOURNALEN","n5l8135zln76nr28"
"JUSTITIA","n00f2335lzn6zpgs"
"JÄMTLANDS ALLEHANDA","3ff5shmj16n30j47"
"JÄMTLANDS LÄNS ANNONSBLAD","0bbrdj3lxckvjnsp"
"JÄMTLANDS TIDNING (ÖSTERSUND : 1895)","5hhxkr3x3bzvl276"
"JÄMTLANDS TIDNING (ÖSTERSUND : 2015)","18392496"
"JÄMTLANDS VECKOBLAD","frrh4wr2cwkm52gj"
"JÄMTLANDSKURIREN","t55l7gnxr5bncb3w"
"JÄMTLANDSPOSTEN","20792507"
"JÄRFÄLLA TIDNING","17644572"
"JÄRFÄLLADIREKT","5ghbsnmf3rpr9bg5"
"JÄRNBÄRARLAND","9l44frbk71tmkmmr"
"JÖNKÖPING","4fzz95762nbtz70s"
"JÖNKÖPING NU","15975086"
"JÖNKÖPINGS ALLAHANDA (JÖNKÖPING : 1797)","22665225"
"JÖNKÖPINGS ALLEHANDA (JÖNKÖPING : 1778)","22647378"
"JÖNKÖPINGS DAGBLAD","4gg6tn822j9gjj9q"
"JÖNKÖPINGS TIDNING","22576971"
"JÖNKÖPINGSBLADET","11653809"
"JÖNKÖPINGSPOSTEN","15975087"
"JÖNKÖPINGSTIDNINGEN","mxggsp6xkf0q5j4b"
"JÖRGENS STOCKHOLMSBREF DAGLIGA NYHETSUPPLAGAN FÖR LANDSORTEN","x7q44kxbvjq4g9zr"
"JÖRGENS STOCKHOLMSBREF VECKOUPPLAGAN","cn5kcnvp9q016z7r"
"KALMAR","11653811"
"KALMAR LÄNS TIDNING (1846)","kwqm1v9nhwj7sch8"
"KALMAR LÄNS TIDNING (1948)","15975088"
"KALMARBLADET","hsbbm7s1fnc1mcwm"
"KALMARPOSTEN","15975089"
"KALMARSUNDSPOSTEN, SMÅLANDS MED ÖLANDS ANNONS OCH TJÄNSTEBLAD","1bvv5t18zv9znvbd"
"KANALEN (2016), I ÖSTERÅKER OCH VAXHOLM","19980795"
"KANALEN (2024), LOKALTIDNINGEN I ÖSTERÅKER","6q2r7b9c4wj1f8c1"
"KAPTEN PUFF, TIDNING FÖR SKÄMT OCH ALLVAR","5g4xr14v381gz9sb"
"KARLSHAMN","k0p42z77h40xd5d4"
"KARLSHAMNS ALLEHANDA","15975090"
"KARLSKOGA ALLEHANDA","22683215"
"KARLSKOGA TIDNING","15975091"
"KARLSKOGA TIDNING KURIREN","3g2lznd517mbf9d8"
"KARLSKOGAKURIREN (KARLSKOGA : 1988)","15975255"
"KARLSKOGAPOSTEN","22683217"
"KARLSKRONA WECKOBLAD","19349359"
"KARLSKRONAPOSTEN","p0jjvt3kmlnmwnp5"
"KARLSTADSKURIREN","kvddpdddh4mcwm8x"
"KARLSTADSTIDNINGEN","15975929"
"KARLSTADSTIDNINGEN VECKOUPPLAGAN","6jp2rgfc4x06q6xg"
"KATRINEHOLMS TIDNING","fqd63vr9cx999bv2"
"KATRINEHOLMSKURIREN","15976825"
"KEMISK TIDSKRIFT (1969), SVENSK KEMISK TIDSKRIFT, KEMITEKNIK","x9kztg5rvf3nz1tw"
"KEMISK TIDSKRIFT (2019)","q3f56nrsnhd333w9"
"KEMISK TIDSKRIFT, KEMIVÄRLDEN, NORDENS STÖRSTA KEMITIDNING","3gqrj4hp1qt40n8m"
"KEMISKA NOTISER","lz6twx0djskkpf1t"
"KEMIVÄRLDEN, BIOTECH, KEMISK TIDSKRIFT","7lv0fnl75qbp8mwk"
"KEMIVÄRLDEN, MED KEMISK TIDSKRIFT : AUTOMATION, LÄKEMEDEL, KEMI, CELLULOSA, LIVSMEDEL","r4djp54gpwmggk16"
"KINDA TIDNING (VIMMERBY : 1885)","22683227"
"KINDA TIDNING (VIMMERBY : 1899)","22683228"
"KINDAPOSTEN (KISA : 2018)","s1pbxzprqjtmjstf"
"KINDAPOSTEN (VIMMERBY : 1894)","22683244"
"KIRUNABLADET","22683258"
"KISA WECKOBLAD","22683268"
"KISAPOSTEN","22683247"
"KISATIDNINGEN","22683254"
"KISTADIREKT","q12wc856n8vr00f6"
"KLARAN","22683269"
"KLIPPAREN, OPARTISKT MÅNADSBLAD MED SAXHUGG UR HELA SVENSKA PRESSEN","22683276"
"KLÄM","2h3x8s0c0qfz3cx4"
"KNIVSTABYGDEN","15977858"
"KOMMUNALBLADET","fqd62hjqchs41fpb"
"KOMMUNEN, TIDNING FÖR ÖSTERGÖTLANDS ARBETAREPARTI","22683280"
"KONGSBACKA ALLEHANDA","22683157"
"KONGSBACKA ANNONSBLAD","22683163"
"KORRESPONDENTEN","22683287"
"KRETSVÄNNEN, TIDNING FÖR LUTHERSKA KRISTNA","22683299"
"KRING STANDARET","22683303"
"KRISTIANSTADS ALLEHANDA. DAGUPPLAGAN (1875)","q1kkwz0dn127499w"
"KRISTIANSTADS ALLEHANDA. HALVVECKOUPPLAGAN (1872 )","5g1t2bxv3szn5xx8"
"KRISTIANSTADS LÄNS TIDNING","t55l7lsqr12j9932"
"KRISTIANSTADSBLADET","15978012"
"KRISTIANSTADSBLADETS VECKOUPPLAGA","htt8wbxzfz8p8lrv"
"KRISTIANSTADSKURIREN","t68kcx99rcqqbf1c"
"KRISTINEHAMNSTIDNINGEN","22683306"
"KRITIKEN","22683174"
"KRONOBERGS LÄNS TIDNING (VÄXJÖ : 1837)","22683308"
"KRONOBERGS LÄNS TIDNING (VÄXJÖ : 1870)","22683312"
"KRONOBERGS LÄNS VECKOTIDNING","22683319"
"KRÖNIKAN (GÖTEBORG : 1901)","22683187"
"KUNGSBACKANYTT","15978115"
"KUNGSBACKAPOSTEN","15978272"
"KUNGSBACKATIDNINGEN","s3jb101nq52ndzhn"
"KUNGSHOLMEN","2csl92f10l8dj9px"
"KUNGSHOLMENDIREKT","q12wc95mn7m1z58g"
"KUNGSÖRS TIDNING","7jzrghpq5cqx1t6m"
"KUNGÄLVSPOSTEN","15979096"
"KUNGÖRAREN","cn3wlf219zjchd21"
"KURIREN (UPPSALA : 1883)","4fvncgwz2j9lskzz"
"KUSTBLADET","nzd6w3hpl5pq66bs"
"KVÄLLEN, SÖNDAGSAFTONTIDNING","8k0sg354655zxrn0"
"KVÄLLSPOSTEN","15979163"
"KÄMPEN, TIDNING FÖR EKSJÖ, SÄFSJÖ OCH HVETLANDA MED KRINGLIGGANDE ORTER SAMT FÖR ÖFRIGA HELA SVERIGE","x7ng5g94v2m0p27r"
"KÄVLINGE NYA LOKALTIDNING","15984792"
"KÖPINGS TIDNING","22683325"
"KÖPINGSPOSTEN","22683330"
"LOKALPRESSEN ALINGSÅS","7r7zw5185nq23s9s"
"LAHOLM NU","zjfjktmhwdr47tl5"
"LAHOLMS NYA TIDNING","p0hzd5cqmj64w5nq"
"LAHOLMS TIDNING (1877)","7j1hxrjp5rfc86jh"
"LAHOLMS TIDNING (1931)","15979325"
"LAHOLMS TIDNING (2019)","096hdh43xj70gmk6"
"LANDETS FRIA TIDNING","15979392"
"LANDSKRONA","4fxdtqpw2p91h9q9"
"LANDSKRONA TIDNING","r1w5ktzzp9v5xlsc"
"LANDSKRONAKURIREN","w6p5lk4qtpcrl7xx"
"LANDSKRONAPOSTEN","15979539"
"LANDTBRUKSMÖTETS FEST- OCH PROGRAMBLAD","1bt76kxkz63zgrbt"
"LANDTMANNABLADET AFTONBLADETS BILAGA FÖR ODLING OCH NÄRINGSFLIT","r2kzxdjcpxkmq1r6"
"LANDTMANNENS ANNONSBILAGA","3dwrk1pw1z2vszs9"
"LANDTMANNENS ANNONSBLAD","w6p3wg3kt93cx5h9"
"LANDTMANSBLADET","7j1f7wjn5kszxj61"
"LANTERNAN, ORGAN FÖR SVERIGES TULLMANNAFÖRENING","p0hwwm92mdkkqm61"
"LAPPARNES EGEN TIDNING, TIDNINGSORGAN FÖR LAPPARNES CENTRALFÖRBUND","l5l6z3f6j1nbc0v5"
"LEDIGA TJENSTER, ANNONSBLAD FÖR SVERIGES ÄMBETS- OCH TJENSTEMÄN","cms03f609zg7p61b"
"LEDSTJÄRNAN, RELIGIÖS- POLITISK VECKOTIDNING FÖR ALLA HEM","hs9pph9pf4zpplsp"
"LEKSANDSTIDNINGEN","v5n4klj5szdjqvrw"
"LERUMS TIDNING (1982)","15981873"
"LIBERACIÓN","15981902"
"LIDINGÖ TIDNING (1994)","15981918"
"LIDKÖPINGS ALLEHANDA","22683375"
"LIDKÖPINGS TIDNING (LIDKÖPING : 1842)","22683391"
"LIDKÖPINGS TIDNING (LIDKÖPING : 1881)","22683382"
"LILLA BÖRSTIDNINGEN","w6vnkwg5t60tv85p"
"LILLA EDETS TIDNING (GÖTEBORG : 1890)","8j6z4z6s684b02c3"
"LIMHAMNSBLADET","nzl4j67zl6tq2bmq"
"LINDESBERG, TIDNING FÖR LINDESBERGS STAD, LINDES, RAMSBERGS OCH NYA KOPPARBERGS BERGSLAGER","s3l2hm8xq3g2njjs"
"LINDESBERGS ALLEHANDA","11653813"
"LINDESBERGSPOSTEN","q1j0fmcznx6krh0h"
"LINDESPOSTEN (GÖTEBORG : 1879)","w6p3tj1vt90g0xdj"
"LINDESPOSTEN (LINDESBERG : 1888)","1bt9r03mzj3d5vdg"
"LINKÖPINGS ALLEHANDA","cmhr7wfl9p5f8nb1"
"LINKÖPINGS TIDNING (LINKÖPING : 1833)","lvssq04zjvvjcnmp"
"LINKÖPINGS TIDNING (LINKÖPING : 1859)","q1j0grtpnv9c8rjd"
"LINKÖPINGS TIDNING KINDAPOSTEN","15982023"
"LINKÖPINGS WECKOTIDNINGAR","mwr1h8l0ks7m8870"
"LINKÖPINGSBLADET","cmhr0zkl9z2105jh"
"LINKÖPINGSPOSTEN","15982078"
"LINKÖPINGSÖSTGÖTEN","9ldqj3p87m17s5fp"
"LISTERBLADET","5gzfwfgb3b5wbsr4"
"LJUNGBYKURIREN","1bt9rfg3zm0pcdp9"
"LJUNGBYPOSTEN (1878)","22692617"
"LJUNGBYPOSTEN (1906)","3dwctkqs16f426fh"
"LJUSDALS NYHETER","dp6n5cjsbzfbdj7c"
"LJUSDALS TIDNING","7j1h19705lk19mfh"
"LJUSDALSPOSTEN (HUDIKSVALL : 1899), VECKOTIDNING FÖR HÄLSINGLAND OCH HÄRJEDALEN","x7q6pz32vt9mss66"
"LJUSDALSPOSTEN (LJUSDAL : 1914)","15982141"
"LJUSNAN","15982211"
"LOKALPRESSEN BACKA KÄRRA","6rxg1l6r4hs3vcwm"
"LOKALPRESSEN HISINGEN, FÖR CENTRALA HISINGEN OCH ÄLVSTRANDEN","cx54v4d49x29sq3s"
"LOKALPRESSEN HÄRRYDA","hv6kqgh7fkmszq28"
"LOKALPRESSEN LERUM","r4gt0s87pb388sth"
"LOKALPRESSEN PARTILLE","lz9ntqplj8c2j3qj"
"LOKALPRESSEN SYDVÄST, TIDNING FÖR BILLDAL, HOVÅS, ASKIM, EKLANDA","tdbg07f2r84qk1bs"
"LOKALT I","fvnbh87xcj05q3sv"
"LOKALTIDNINGEN ALVESTA","15983136"
"LOKALTIDNINGEN BURLÖV","15984448"
"LOKALTIDNINGEN BÅSTAD","15984503"
"LOKALTIDNINGEN COMMERSEN","15984510"
"LOKALTIDNINGEN HALMSTAD","15984534"
"LOKALTIDNINGEN HELSINGBORG","15984577"
"LOKALTIDNINGEN HÄSSLEHOLM","15984616"
"LOKALTIDNINGEN HÖGANÄS","15984656"
"LOKALTIDNINGEN KRISTIANSTAD","15984742"
"LOKALTIDNINGEN KÄVLINGE","19153473"
"LOKALTIDNINGEN LAHOLM (LAHOLM : 2018)","kt26bjz0h1zzshg5"
"LOKALTIDNINGEN LAHOLM (ÄNGELHOLM : 2005)","15984826"
"LOKALTIDNINGEN LANDSKRONA (2003)","15984867"
"LOKALTIDNINGEN LANDSKRONA (2018)","22669846"
"LOKALTIDNINGEN LIMHAMN BUNKEFLO","15990937"
"LOKALTIDNINGEN LJUNGBY","15990970"
"LOKALTIDNINGEN LOMMA","19205403"
"LOKALTIDNINGEN LOMMABLADET","15991028"
"LOKALTIDNINGEN LUND","15991067"
"LOKALTIDNINGEN MAGAZIN 24","15991110"
"LOKALTIDNINGEN MALMÖ","15991126"
"LOKALTIDNINGEN MARKARYD ÄLMHULT","15991149"
"LOKALTIDNINGEN NORRA UPPLAND","15982885"
"LOKALTIDNINGEN SJÖBO (2008)","15982994"
"LOKALTIDNINGEN SJÖBO (2022)","wb29vx5jtr6npwmj"
"LOKALTIDNINGEN SKURUP","15983208"
"LOKALTIDNINGEN STAFFANSTORP","15983092"
"LOKALTIDNINGEN STENUNGSUND","15983248"
"LOKALTIDNINGEN SVALÖV","15983282"
"LOKALTIDNINGEN SVALÖVSBYGDEN","22670060"
"LOKALTIDNINGEN SVEDALA","15983309"
"LOKALTIDNINGEN SÖDERÅSEN","15983359"
"LOKALTIDNINGEN TOMELILLA SIMRISHAMN","15983374"
"LOKALTIDNINGEN TRELLEBORG","15983430"
"LOKALTIDNINGEN VELLINGE NÄSET","15983463"
"LOKALTIDNINGEN VÄSTBOANDAN","15983500"
"LOKALTIDNINGEN VÄXJÖ","15983543"
"LOKALTIDNINGEN VÄXJÖ ALVESTA","v5zr9lbgstq44t98"
"LOKALTIDNINGEN YSTAD","15983579"
"LOKALTIDNINGEN MELLANSKÅNE","15991189"
"LOKALTIDNINGEN MITT I BOTKYRKA","15981702"
"LOKALTIDNINGEN MITT I BROMMA","15981718"
"LOKALTIDNINGEN MITT I DANDERYD","15981734"
"LOKALTIDNINGEN MITT I HANINGE","15981752"
"LOKALTIDNINGEN MITT I HUDDINGE","15981764"
"LOKALTIDNINGEN MITT I JÄRFÄLLA","15981782"
"LOKALTIDNINGEN MITT I KISTA","15981783"
"LOKALTIDNINGEN MITT I KUNGSHOLMEN","15981785"
"LOKALTIDNINGEN MITT I LIDINGÖ TIDNING","15981788"
"LOKALTIDNINGEN MITT I NACKA","15981789"
"LOKALTIDNINGEN MITT I SOLLENTUNA","15981791"
"LOKALTIDNINGEN MITT I SOLNA","15981793"
"LOKALTIDNINGEN MITT I SUNDBYBERG","15981799"
"LOKALTIDNINGEN MITT I SÖDERMALM","15981800"
"LOKALTIDNINGEN MITT I SÖDRA ROSLAGEN","15981809"
"LOKALTIDNINGEN MITT I TENSTA RINKEBY","15981810"
"LOKALTIDNINGEN MITT I TYRESÖ","15981813"
"LOKALTIDNINGEN MITT I TÄBY","15981816"
"LOKALTIDNINGEN MITT I UPPLANDS VÄSBY","15981847"
"LOKALTIDNINGEN MITT I UPPLANDS-BRO","15981867"
"LOKALTIDNINGEN MITT I VALLENTUNA STEGET","15981896"
"LOKALTIDNINGEN MITT I VASASTAN","15982260"
"LOKALTIDNINGEN MITT I VÄRMDÖ","15982325"
"LOKALTIDNINGEN MITT I VÄSTERORT","15982357"
"LOKALTIDNINGEN MITT I VÄSTERORT SPÅNGA","15982391"
"LOKALTIDNINGEN MITT I SÖDERORT","15981802"
"LOKALTIDNINGEN MITT I ÖSTERMALM","15982424"
"LOKALTIDNINGEN MITTSKÅNE","kxk0w9wsh80b2j1h"
"LOKALTIDNINGEN ÄNGELHOLM","15983608"
"LOKALTIDNINGEN ÖSTERLEN","19153310"
"LOKALTIDNINGEN ÖSTGÖTATIDNINGEN","15983622"
"LOKALTIDNINGEN ÖSTRA UPPLAND","15983624"
"LOKALTIDNINGEN, DOROTEA LYCKSELE SORSELE VILHELMINA ÅSELE","15982844"
"LORENTZBERG, PROGRAM OCH ANNONSBLAD FÖR GÖTEBORG","q05chf26nz628zkz"
"LOTTSEDELN","4fxb2vjx21blj19m"
"LULEPOSTEN","22683404"
"LULEÅ SNÄLLPOSTEN","22683428"
"LUND","lwdvdqlnj8h429mj"
"LUNDS ALLEHANDA","hrppnk9ffkd7bk3h"
"LUNDS DAGBLAD","nzgxgtdhlcm7cqm5"
"LUNDS WECKOBLAD (1775)","19227256"
"LUNDS WECKOBLAD (1813), NYTT OCH GAMMALT","19227291"
"LUOSSAVAREBLADET","t4mh947lr7pspk4b"
"LYCKOPER","w6p3wm53tvvpjvqx"
"LYKTAN (STOCKHOLM : 1868)","q1jxqjrsnm2sf41c"
"LYSEKILS BADTIDNING","22683434"
"LYSEKILS TIDNING (1884)","22683447"
"LYSEKILSBLADET","22683457"
"LYSEKILSKURIREN","22683473"
"LYSEKILSPOSTEN","15983662"
"LYSEKILSPOSTEN (GREBBESTAD : 1895)","22683491"
"LÄNSPOSTEN","15983707"
"LÄNSTIDNINGEN","w6vnj15jt3dtxfzp"
"LÄNSTIDNINGEN (SÖDERTÄLJE)","15983734"
"LÄNSTIDNINGEN (ÖSTERSUND)","15983894"
"LÄNSTIDNINGEN NORR VÄSTERVIKSPOSTEN","15983905"
"LÄNSTIDNINGEN TIDNING FÖR SKARABORGS LÄN","22683513"
"LÄNSTIDNINGEN VÄRMLANDSBYGDEN","15983960"
"LÄNSTIDNINGEN ÖSTERGÖTLAND","15984025"
"LÖPARNISSE (STOCKHOLM : 1862)","2cv82x4q0hjn041s"
"LÖRDAGEN","4fxb38qb2z94kjd2"
"LÖRDAGSBLADET (STOCKHOLM : 1853)","1bt72z9zz08mfzfj"
"LÖRDAGSBLADET (STOCKHOLM : 1889)","gr8nhgk4d27d1tnd"
"LÖRDAGSKVÄLLEN, ILLUSTRERAD ROMANTIDNING","lwdsswp9j36980bb"
"LÖRDAGSPOSTEN (GÖTEBORG : 1877), GÖTEBORGS VECKOTIDNING","z8r5wr6hwlc20gnx"
"LÖRDAGSPOSTEN (HJO : 1849), TIDNINGAR SAMLADE I HJO","dq57ldddbqj1fqlm"
"LÖRDAGSREVY","cn5kdffs9rv11qx6"
"MAGAZINET : MITT I VECKAN","15650743"
"MALMBERGET, TIDNING FÖR ÖFRE NORRLAND","22683516"
"MALMFÄLTENS TIDNINGAR","22683518"
"MALMFÄLTSBLADET","22683519"
"MALMKÖPINGS TIDNING (ESKILSTUNA : 1896)","lwffrw4mj48bv1bh"
"MALMKÖPINGS TIDNING (MARIEFRED : 1880)","v5n4n62ks5967vvb"
"MALMÖ ALLEHANDA (1827)","19227306"
"MALMÖ ANNONSTIDNING, FÖR HANDEL, INDUSTRI OCH LANDTBRUK","08ptmmsnxcrfzbg2"
"MALMÖ HANDELS- OCH SJÖFARTSTIDNING","8k1lpmvg66nh4m0t"
"MALMÖ HUSEGARES TIDNING","bm4l03dp8015sk0v"
"MALMÖ HYRES- & ANNONSTIDNING","hs9r6p6pffsljvhc"
"MALMÖ HYRESFÖRTECKNING","v5n4kz72s7sddpmf"
"MALMÖ NYA HANDELS- OCH SJÖFARTSTIDNING","fq7p38s8cp0k9692"
"MALMÖ TIDNING","jsqqqb8lgjd37n19"
"MALMÖ VÄGVISARE (1903)","x7q6m7v8vdr4sz7l"
"MALMÖHUS LÄNS TIDNING","9l3k3jz37b035zsn"
"MALMÖPOSTEN","4fsqtmll2nqd73qx"
"MALMÖTIDNINGEN","r2k1gs4rpp04ss62"
"MANUFAKTURISTEN","mxfttpdnkqf96zhr"
"MARIEFREDS NYA TIDNING","22692624"
"MARIEFREDS TIDNING (1866)","22692625"
"MARIEFREDS TIDNING (1872)","22692626"
"MARIEFREDS TIDNING (1905)","22692627"
"MARIEFREDS TIDNING (2011)","15650751"
"MARIEFREDS WECKOBLAD","v4222k5fsl9skcwj"
"MARIEFREDSBLADET","z738xt6pw7tb9jc0"
"MARIEFREDSTIDNINGEN","bm4l4qkh82k5r3sw"
"MARIESTADS LÄNSTIDNING","5gzfzm1f36r65n6n"
"MARIESTADS TIDNING","pzw7j7jmmqc4p035"
"MARIESTADS WECKOBLAD (MARIESTAD : 1817)","ktr3d7rkhnbqn5zx"
"MARIESTADS WECKOBLAD (MARIESTAD : 1834)","5fcp0xbl31jt1wwv"
"MARIESTADSTIDNINGEN","15650756"
"MARKBLADET","15650762"
"MARSTRAND, TIDNING FÖR MARSTRANDS STAD OCH BADGÄSTER","q1jxnlc3nfrb211g"
"MARSTRANDS ANNONSBLAD","gr8q816zdm1kss5m"
"MARSTRANDS TIDNING (GÖTEBORG : 1877)","7j1f65vg59vccx5w"
"MARSTRANDS TIDNING (MARSTRAND : 1867), TIDNING FÖR STADEN OCH KRINGLIGGANDE BADORTER,ÖAR OCH FISKLÄGEN","kvctc6fbhlwvw2k0"
"MARSTRANDSPOSTEN, NYHETS- OCH ANNONSBLAD FÖR STADEN, KRINGLIGGANDE ÖAR OCH BADORTER","bm4l41nm8ztghkx9"
"MEDBORGAREN (GÖTEBORG : 1845)","22651546"
"MEDBORGAREN (STOCKHOLM : 1829)","cn5kdkc99222dbx0"
"MEDBORGAREN (STOCKHOLM : 1870)","lv4m1h0zj2275t0m"
"MEDBORGARENS HANDELS- OCH SJÖFARTSTIDNING","mxftnv7xkmb03q5w"
"MEDELPADS ALLEHANDA","dp3vm6q9bgj5fwh7"
"MEJERI TIDNINGEN","mxfttvmqk0ckgvt8"
"MEJERIERNAS ANNONSBLAD","mxfttrhtkknn4qrp"
"MELLANAKTEN","v4c1lwphsnrvrdsw"
"MELLERUDS NYHETER","15650769"
"MERA LINKÖPING","16517424"
"MERCUR","kvcrjs3chsbdcslf"
"MERCURIUS (STOCKHOLM : 1827)","r2kzs2fkp2j81ljt"
"MERCURIUS (STOCKHOLM : 1880)","v4dwbtpnslvcp98v"
"MERKURIIBLADET","lwdsmzxjjg5bp36m"
"MERKURIUS, ANNONSBLAD FÖR STOCKHOLM OCH GÖTEBORG","r2kzs6b9pp6c1fdw"
"METRO : [ED. GÖTEBORG]","15650778"
"METRO : [ED. SKÅNE]","15650781"
"METRO : [ED. STOCKHOLM]","15650786"
"METRO, [ED. VÄRMLAND]","15650793"
"MIDDAGSPOSTEN (1902), DAGLIG TIDNING FÖR GÖTEBORG OCH VÄSTRA SVERIGE","6h0d5hn14mh551mn"
"MILJÖMAGASINET","15650797"
"MINERVA, TIDNING FÖR SVERIGES UNGDOM, UTG. AF LEKTOR P.G. LYTH","v5n4nm4qs0vgd4md"
"MINNESBLADET","x7q4zf3sv5c17pdb"
"MINNESLISTAN","7j1fd0xb53c66gjl"
"MINUTHANDELSBLADET, ORGAN FÖR SVERIGES MINUTHANDLARE","r2kzxlmcpg02hm0f"
"MITT DALARNA","15650808"
"MITT GÄVLE","20706637"
"MITT I TENSTA","0ccg4qbrxfvjl9q3"
"MITT ROSLAGEN","s3r3bxsrq9ptgr0w"
"MITT I BOTKYRKA (2016)","19341168"
"MITT I BROMMA","19341174"
"MITT I BÅLSTA","6kknblfd42st82pq"
"MITT I DANDERYD","19341176"
"MITT I ENKÖPING","jww0n0g9g0bd9f6s"
"MITT I GÖTEBORG","gx56nv32d21ljwmj"
"MITT I HANINGE (2016)","19341177"
"MITT I HUDDINGE (2016)","19341183"
"MITT I HÄSSELBY","4hhl8n3326ltbk4g"
"MITT I JÄRFÄLLA","19341186"
"MITT I JÄRVA","k0nd6xjvhjfdkpsp"
"MITT I KISTA","19341190"
"MITT I KUNGSHOLMEN","19341187"
"MITT I LIDINGÖ","19341192"
"MITT I MÄLARÖ","n114s7l9llt4cl5l"
"MITT I NACKA (2016)","19341195"
"MITT I RINKEBY","n114s8l1lj3fq4pg"
"MITT I SALEM","6kknbtcq47b4bbmt"
"MITT I SIGTUNA","jwct7tfwgvg7qzg7"
"MITT I SKÄRHOLMEN","5jjm9tmm3qx2bfh7"
"MITT I SOLLENTUNA","19341198"
"MITT I SOLNA","19341200"
"MITT I SPÅNGA","2ffj6rfx01pxgn9m"
"MITT I SUNDBYBERG","19341202"
"MITT I SÖDERMALM","19341203"
"MITT I SÖDERORT (2016)","19341205"
"MITT I SÖDRA ROSLAGEN","19341211"
"MITT I TENSTA RINKEBY","19341217"
"MITT I TYRESÖ (2016)","19341218"
"MITT I TÄBY","19341219"
"MITT I UPPLANDS VÄSBY","19341224"
"MITT I UPPLANDS-BRO","19341221"
"MITT I VALLENTUNA","19341226"
"MITT I VASASTAN","19341227"
"MITT I VAXHOLM","9nnrf2sl7b9zbg2v"
"MITT I VÄLLINGBY","fsswk7slc01mx72b"
"MITT I VÄRMDÖ (2016)","19341230"
"MITT I VÄSTERORT (2016)","19341232"
"MITT I VÄSTERORT (2022)","4k7zr4p226xvj2gd"
"MITT I ÖSTERMALM","19341233"
"MITT I ÖSTERÅKER","n114sh4glsl4gh8g"
"MJOLNER","22691446"
"MJÖLBY TIDNING (SKÄNNINGE : 1883)","22683521"
"MJÖLBYPOSTEN (MOTALA : 1892), TIDNING FÖR MJÖLBY MED OMNEJD","22683522"
"MODERNA TIDER","5j0p1l2b3c0vgw33"
"MOLKOMSPOSTEN, NYEDS OCH ELFSBACKA TIDNING","22683529"
"MORA TIDNING","15650809"
"MORGONBLADET (MALMÖ : 1888), DAGLIG TIDNING FÖR SÖDRA SVERIGE","5gzft2wh3cb6gxcq"
"MORGONBLADET (STOCKHOLM : 1840)","w6p3xg8btf399dln"
"MORGONBLADET (STOCKHOLM : 1849)","kw5swzwkhc9z10pq"
"MORGONBLADET (STOCKHOLM : 1865)","2cv83nvw0l6nkc6g"
"MORGONBLADET (STOCKHOLM : 1888)","3dw94r7l196xzslx"
"MORGONEN","z8r50pzrw5cjc9tw"
"MORGONPOSTEN (1849)","t4m1vljsrdtwpwbj"
"MORGONSTJERNAN, KRISTLIG OCH POLITISK TIDNING","s3l2llprqg0bzzsw"
"MORGONTIDNINGEN (STOCKHOLM : 1889)","1bt72vkgz7bsj4cj"
"MORGONTIDNINGEN (STOCKHOLM : 1896)","jtbqkfh6gnv66j0s"
"MOTALA & VADSTENA TIDNING","15650810"
"MOTALA TIDNING (1868)","22683534"
"MOTALA, STADENS OCH ORTENS NYHETS- OCH ANNONSBLAD","22683530"
"MOTALAKURIREN HVAD NYTT, TIDNING FÖR ÖSTERGÖTLAND OCH SÖDRA NERIKE","22683537"
"MOTALAPOSTEN","22683540"
"MUNTER","6h0d84th4ckldpq1"
"MÄLAREN, TIDNING FÖR VESTERÅSORTEN OCH MÄLAREPROVINSERNA","kvctcgkchg8cdps5"
"MÄLARÖ TIDNING","16163406"
"MÄLARÖDIREKT","v561hgptskj3760r"
"MÄNNISKJO-WÄNNEN","8r6vmvhd6hmlw8fr"
"MÅNADSREVYN","3dw953bj16v5vj41"
"MÅSEN (2020)","r3885rtcpk7rvmbg"
"MÖLNDALSPOSTEN (1880)","hs9pghxdfq9bjm92"
"MÖLNDALSPOSTEN (1949)","15650812"
"MÖNSTERÅSBLADET","3dwcx28m1kmv71wc"
"NACKA VÄRMDÖ POSTEN : LOKALTIDNINGEN FÖR BOO, NACKA, SALTSJÖBADEN, VÄRMDÖ OCH ÄLTA","15650813"
"NAJADEN","22552088"
"NATIONALBLADET","22651549"
"NATIONALKURIREN","gwr0bltgdwx4txnp"
"NATIONALTIDNINGEN","jtccnq69g2s8h74s"
"NERIKE, NYHETS- OCH ANNONSBLAD FÖR ÖREBRO STAD OCH LÄN","6gjdl1b84vdj8tmg"
"NERIKES ALLEHANDA","15650814"
"NERIKESPOSTEN","7j22dlvl5ksqrxls"
"NERIKESTIDNINGEN","kx093zpzh2270vz3"
"NERKINGEN (1906)","cqs3wn0q98zss4j2"
"NORA STADS OCH BERGSLAGS TIDNING","ht0jn6xwfsqxqd5r"
"NORBERGS TIDNING","1gbkwfq5z6vwtgxk"
"NORDEN, WECKOBLAD UTGIFWET I LULEÅ","19227324"
"NORDENS ANNONSBLAD","v43w29s3s3g1hsfw"
"NORDENS EXPOSITIONSTIDNING","jwtbdbf4g7pv3zdb"
"NORDENS HOTELLTIDNING","cp09nhg79j6nbxw0"
"NORDHALLAND","0c7fx3zcx6216dvg"
"NORDISK TYPOGRAF-TIDNING","n33g86rflz3phctk"
"NORDMARKSTIDNINGEN","x8fsh878v83fnx42"
"NORDPOLEN, WECKOBLAD FÖR NORRBOTTENS LÄN","hwphmkljf3xzflhf"
"NORDSKÅNSKA DAGBLADET","t84cpn6krqwdz0zb"
"NORDSTJERNAN (GÄVLE : 1876), TIDNING FÖR GEFLE STAD OCH LÄN","0f9jwx72x2dxqwxb"
"NORDSTJERNAN (GÖTEBORG : 1880)","xc7gtzz0vczkf65h"
"NORDSTJERNAN (PITEÅ : 1885)","3gdx2gw41wbqh8h8"
"NORDSVENSKA DAGBLADET (LULEÅ : 1904)","lzwdfq7pj0zm1gl6"
"NORDSVENSKA DAGBLADET (SUNDSVALL : 1892)","k0v3gn6dh4nvz0fz"
"NORDSVENSKA POSTEN","3jdm09qx1j8rhl45"
"NORDSVERIGE","15650815"
"NORDVÄSTRA SKÅNES TIDNINGAR","15650816"
"NORE","7l8dbbsb5jpjgk7m"
"NORRA BOHUSLÄN","xcjlchzcvr4hk2dr"
"NORRA CALMAR LÄNS TIDNING","hxs1ds6qf1kqbzzd"
"NORRA HALLAND","15650817"
"NORRA HALLANDS TIDNING","q297fc8nnw4299kb"
"NORRA HALLANDS TIDNING VESTKUSTEN","cpxv22k0934k7kzh"
"NORRA HALLANDS TIDNING VESTKUSTEN HALVVECKOUPPLAGAN","t64ntdn9r53jr6g3"
"NORRA SKÅNE","15650826"
"NORRA SKÅNE (ÄNGELHOLM : 1881)","11653815"
"NORRA SMÅLANDS TIDNING","r42lrzz3p9ctsc44"
"NORRA VESTERBOTTEN","5lgq33sh381pdfm2"
"NORRA VÄRMLANDS ALLEHANDA","195b1fbqzhw965cf"
"NORRAN","15873380"
"NORRBOTTENS ALLEHANDA","22685760"
"NORRBOTTENS KURIREN","15650835"
"NORRBOTTENS LÄNS TIDNING","22685764"
"NORRBOTTENS NYHETER","22685767"
"NORRBOTTENSPOSTEN (1847)","19277180"
"NORRKÖPING","2cww7hcf0rcjqlst"
"NORRKÖPINGS AFTONBLAD","n060xq8wlhvjxh4k"
"NORRKÖPINGS ANNONSBLAD","9nl48kvk7m3jjw21"
"NORRKÖPINGS DAGBLAD (MARIEFRED : 1870)","2fcw267r022vtx6t"
"NORRKÖPINGS DAGBLAD (NORRKÖPING : 1890)","6kh01vl94q8qd6bh"
"NORRKÖPINGS HYRESLISTA","8jhmg9c16n6s88c0"
"NORRKÖPINGS TIDNINGAR","15650837"
"NORRKÖPINGS WECKOBLAD (NORRKÖPING : 1874)","mw29n9xmk7t4rpzp"
"NORRKÖPINGS WECKOBLAD (NORRKÖPING : 1887)","lzwdfb2pjvj0j5bw"
"NORRKÖPINGS WEKO-TIDNINGAR","19227357"
"NORRKÖPINGSBLADET (NORRKÖPING : 1831)","hr49dcdjf7pv9mdq"
"NORRKÖPINGSBLADET (NORRKÖPING : 1888)","x7k40q8bvtkqwn57"
"NORRKÖPINGSKURIREN","11653819"
"NORRKÖPINGSÖSTGÖTEN","v4kphqvnsj9d4jsx"
"NORRLANDS ANNONSBLAD","22685777"
"NORRLANDS TIDNING","22685779"
"NORRLANDS TIDNINGAR","22651555"
"NORRLANDS VECKOBLAD","22685783"
"NORRLANDSBLADET (1894)","22685789"
"NORRLANDSPOSTEN (1837)","19715930"
"NORRLANDSPOSTEN VECKOBLAD (GÄVLE : 1885)","8n8f4xz06mdkt51p"
"NORRLANDSPOSTEN VECKOUPPLAGA (GÄVLE : 1880)","22685792"
"NORRLANDSTIDNINGEN (1901)","22685799"
"NORRLANDSVÄNNEN","22685803"
"NORRLÄNDSKA ANNONSBLADET","cqn6cd8n91m686wq"
"NORRLÄNDSKA KORRESPONDENTEN","19227633"
"NORRLÄNDSKA SOCIALDEMOKRATEN","15650838"
"NORRLÄNNINGEN (SUNDSVALL : 1887)","22685805"
"NORRLÄNNINGEN (SUNDSVALL : 1900)","22685810"
"NORRSKENET, 1:STA-MAJ-DEMONSTRATIONSBLAD FÖR NORRBOTTENS ARBETARE","dsfm6zjzbnn00kwq"
"NORRSKENSFLAMMAN","19286093"
"NORRTELJE TIDNING","15650858"
"NORRTELJE WECKOBLAD","frt0xgkvc3blvzwb"
"NORRTELJEBLADET (NORRTÄLJE : 1860)","t59m5ph0r992psfx"
"NORRTELJEBLADET (NORRTÄLJE : 1891)","gsv1zkd6d45hv1rl"
"NORRTELJEBLADET VECKOUPPLAGA","7lj26qct5x00cbvr"
"NU (STOCKHOLM. 1983), DET LIBERALA NYHETSMAGASINET","fzg393skc8wl69lm"
"NY SVENSK VECKOTIDNING","x67dqrl7vxzkr5fb"
"NY FOLKTIDNING","mz164sphkm3gpwnj"
"NY TID","bm55mp7m8hh9zq8q"
"NYA ANNONSBLADET","x7tfnt8rv7g3rvwl"
"NYA ARBOGABLADET","22544013"
"NYA CARLSHAMNS TIDNING (KARLSHAMN : 1841)","22691479"
"NYA CARLSHAMNS TIDNING (KARLSHAMN : 1855)","mz164vt6kmzzqrn8"
"NYA CARLSHAMNSPOSTEN","r4z4z1srp1rmvgw6"
"NYA CIMBRISHAMNSBLADET","m0t0thpjksl6qpx3"
"NYA DAGLIGT ALLEHANDA","19227462"
"NYA DAGSTELEGRAFEN","t57dcsjpr9m5gf0h"
"NYA ENGELHOLMS TIDNING","22034335"
"NYA ESKILSTUNA ALLEHANDA","frpp359mcgm5zwrz"
"NYA FOLKVILJAN","jv1d4cxxgnvvnw2x"
"NYA FRAMTIDEN","1cjwnj3dz4j5lr0z"
"NYA GEFLEBLADET","lzszrgbrj5dv3wx3"
"NYA HELSINGEN","x67b50p4vgmv0pps"
"NYA JÄMTLANDSBLADET","kwwm84c9hwlct9cz"
"NYA JÖNKÖPINGSBLADET","n1v1vrrgl2b7506q"
"NYA KARLSKRONA WECKOBLAD","20175429"
"NYA KIRUNABLADET","17644921"
"NYA KLARAN, ANNONS- OCH NYHETSTIDNING FÖR NYED- KLARÄLFDALEN","4hbhc9s7218jmqqp"
"NYA KRISTINEHAMNSPOSTEN","15760585"
"NYA LANDSKRONA TIDNING","lz1b48n6jc4v11hn"
"NYA LIDKÖPINGSTIDNINGEN","p16kb834mbhqqdrj"
"NYA LUDVIKA TIDNING","15760593"
"NYA MARSTRANDSPOSTEN","kxrxr6lrhfsgprbf"
"NYA MJÖLBYPOSTEN","6hzk4fm34jh32fp1"
"NYA NORRLANDS TIDNING","v6cqjw0dsczb4ssr"
"NYA NORRLANDSPOSTEN","4f7kd8jh2p71c1xn"
"NYA NORRLÄNNINGEN","9kqhl1sv708d630v"
"NYA POSTEN (STOCKHOLM : 1875)","3cjqggv61vlpcxgl"
"NYA POSTEN (VIMMERBY : 1903), NYHETS- OCH ANNONSBLAD FÖR NORRA KALMAR LÄN OCH SÖDRA ÖSTERGÖTLAND","7kq3vvkx5tjvf6fm"
"NYA RIKSGRÄNSEN","6kdkd6c047m7ldf3"
"NYA SAMHÄLLET (STOCKHOLM : 1886), UTGIFVEN AV SOCIAL-DEMOKRATISKA SAMFUNDET","q27ldtf9nlnq5k5j"
"NYA SAMHÄLLET (SUNDSVALL : 1900)","t5bphr0crvkltkz4"
"NYA SIGTUNA TIDNING","4hbhbtvc2j25mbn2"
"NYA SKÅNE","6j15023q4zr3561g"
"NYA STOCKHOLMSPOSTEN","jv1d6prtg3gnslmz"
"NYA SVENSKA MINERVA","fpnsmj6hc2x11xmx"
"NYA SVERIGE","v7273z81s7692lbj"
"NYA SYDSVENSKA WECKOBLADET","5hn1s6kf3sgk3lzm"
"NYA SÖDERHAMNSPOSTEN","5hn1tdx33p70wz9x"
"NYA SÖDERMANLANDS ALLEHANDA","kxrxsvrxhmdzzlbg"
"NYA SÖDERMANLANDSPOSTEN (MARIEFRED : 1871)","5f3w73753bglwcdd"
"NYA SÖDERMANLANDSPOSTEN (MARIEFRED : 1887)","gtntnxd1dx1c63d3"
"NYA SÖDERMANLANDSPOSTEN (MARIEFRED : 1890)","5jcjcp7s3kpn03ht"
"NYA TIDAHOLMSPOSTEN","r4n0pmm0pnfp7xbf"
"NYA TIDEN (KRISTIANSTAD : 1888)","4gm0sfws2z8nmv0c"
"NYA VARATIDNINGEN","cpv7068j9cl4rs1t"
"NYA VARBERGSPOSTEN","r6091d1ppmmch5l9"
"NYA VERLDEN","hr4pczwjf8w5ggz2"
"NYA WECKOBLADET","zb5b5422wqndk4bn"
"NYA WECKOBLADET I ARBOGA","t5bph71lr1zhnf37"
"NYA WENERSBORGS TIDNING","bmhwds4887x4wnxh"
"NYA WERMLANDSPOSTEN","3flznjbx1ntwwgmg"
"NYA WERMLANDSTIDNINGEN","15760600"
"NYA WEXJÖBLADET","19277349"
"NYA WEXJÖTIDNINGEN","2dkxqjdv002gthjj"
"NYA ALLEHANDA (GÖTEBORG : 1879)","q3x3v4zvnw3c00kp"
"NYA ALLEHANDA (GÖTEBORG : 1880)","hvpvmz7hfs15nfw3"
"NYA LÄNSTIDNINGEN NYA LIDKÖPINGSTIDNINGEN","15760598"
"NYA PRESSEN (STOCKHOLM : 1881), ORGAN FÖR HANDEL, SJÖFART, NYHETER OCH POLITIK","8mgmh81v6w57tdmn"
"NYA PRESSEN (STOCKHOLM : 1902), ILLUSTRERAD VECKOTIDNING","t5bpgj65rjx6p2bf"
"NYA TIDER (UPPLANDS VÄSBY. PRINT), NYA MEDIER TAR VID DÄR GAMLA SVIKER","xdqq87g3v06nkhhl"
"NYA VÄGVISAREN, NYA/VÄGVISAREN/ANNONSBLAD FÖR STOCKHOLM","6jp2tzd846kch6q8"
"NYARE SKENINGE TIDNING","4kfp298k2flb48bp"
"NYASTE FÖRPOSTEN","hxm204ckfgn8dlhr"
"NYASTE JÖNKÖPINGSBLADET","8pkt6x2s6hgnmndz"
"NYASTE RIKSGRÄNSEN","hxs2f9j0flld5zqz"
"NYBRO TIDNING","15760605"
"NYBYGGAREN, HALLANDSPOSTENS VECKOBLAD","gtpwdrzgdhxrvn8l"
"NYHETERNA (GÖTEBORG : 1887)","v9cb68pms0h19pm7"
"NYHETERNA (KALMAR : 1985)","15760612"
"NYHETSBLADET","4kmlgn862mgs71tn"
"NYKTERHETSBASUNEN","4hck29bj20w92mpc"
"NYKTERHETSFOLKETS TIDNING","5jdl3s4n3bsc6d9n"
"NYKTERHETSTIDNINGEN","6kfm4f524vb4z91k"
"NYKÖPINGS WECKOBLAD (NYKÖPING : 1764)","t3gmq9x8r1k6zbj8"
"NYKÖPINGS STADS OCH LÄNS TIDNING","r65s00v4p1tmvm3x"
"NYKÖPINGS WECKOBLAD (NYKÖPING : 1772)","lwxsw7gxjqkhwfnf"
"NYKÖPINGS WECKOBLAD (NYKÖPING : 1774)","09b69p8wxwbz2qh2"
"NYKÖPINGS WECKOBLAD (NYKÖPING : 1779)","7hx2gjl15tbwztn2"
"NYKÖPINGS WECKOBLAD (NYKÖPING : 1786)","v4kp378dsmpt24lg"
"NYKÖPINGS WECKOBLAD (NYKÖPING : 1807)","19qv8gbrzw31xhz7"
"NYKÖPINGS WECKOSKRIFT","x6mr5fgkvmjrhl4q"
"NYKÖPINGS WECKOTIDNINGAR","kt8ds423h41lvkc8"
"NYKÖPINGSBLADET (NYKÖPING : 1832)","lv7dh4fsjn04zfbk"
"NYKÖPINGSBLADET (NYKÖPING : 1850)","9kx36xb17nw2m4x7"
"NYNÄS OCH SÖDERTÖRNS TIDNING","jwrxf2sxgxvmfq98"
"NYNÄSHAMNSPOSTEN (1925)","15760614"
"NYTT ALLVAR OCH SKÄMT","19227626"
"NYTT OCH GAMMALT (LUND : 1783)","19520388"
"NYTT OCH GAMMALT (VISBY : 1832)","r2q5bl1dpq3mwrkj"
"NYTTA OCH NÖJE","0c7dwm7gxls8sg1t"
"NÄR OCH FJÄRRAN","t627qjtnrc91flsv"
"NÄRKES ANNONSBLAD","w84btl8vtx01m2bl"
"NÄRKESBLADET","xcfd8lxnvm3mg9t5"
"NÄSSJÖ ALLEHANDA","jwrzg98zgnwn1w7s"
"NÄSSJÖPOSTEN (1879)","1gln4xb1zw37phcn"
"NÄSSJÖTIDNINGEN (1890)","q48s0hnbnv6x6gwl"
"OBSERVATOR","x9cnhbm7vrgw0kbn"
"OECONOMISKA TIDNINGAR","2c1gmzs70z99bb8m"
"OFFENSIV, MARXISTISK TIDNING INOM ARBETARRÖRELSEN","2l9jd8380kb63sjg"
"ORUST TJÖRN TIDNINGEN","15760617"
"OSCARSHAMNS TIDNING","s2937mflqgbj1lz2"
"OSCARSHAMNSPOSTEN","08h9gx13xshh0gdd"
"OSKARSHAMNSBLADET","s2938s7qqk1xn5cj"
"OSKARSHAMNSTIDNINGEN","15760622"
"PARTILLE TIDNING","15760628"
"PATRIOTEN (STOCKHOLM : 1852), TIDNING FÖR BURSKAPSEGANDE HANDTVERKARE","2bkcjwcz0g47nx44"
"PATRIOTEN (STOCKHOLM : 1892)","19jbj5tvzcsd4qmd"
"PHILIPSTADS BERGSLAGS TIDNING","22546369"
"PHOENIX, TIDNING FÖR POLITIK, LITTERATUR OCH NÄRINGAR","22651568"
"PIFF, TIDNING FÖR HELNYKTERHET OCH FRAMÅTSKRIDANDE","lv3w26l9jhzrhql4"
"PITEÅTIDNINGEN","15760633"
"POEMBLADET","lv3w2w73jdl5rl6p"
"POHJOLA","dnwpxm9gbjn3vhlv"
"POHJOLAN SANOMIA","9ksltrw97dqp140d"
"POST- OCH INRIKES TIDNINGAR","11653823"
"POSTBUDET, TIDNING FÖR DAL OCH VESTRA WERMLAND","t3b5rhvrrw06b90l"
"POSTTIDNINGAR","11653825"
"POUNSCH","bltn9b9r8v2m48s7"
"PRAKTIKEN","5fnh4dbr3lx2t5kb"
"PRAKTISK TIDNING","fpxrdvbfcmc3bvf2"
"PROLETÄREN (GÖTEBORG), ORGAN FÖR KOMMUNISTISKA FÖRBUNDET MARXIST-LENINISTERNA (R)","q8z63nbhn244zwkj"
"PROLETÄREN (NORRKÖPING : 1888), TIDNING FÖR ÖSTERGÖTLANDS ARBETAREPARTI","8jrl7xdn6r0xk1lh"
"PROVINSTIDNINGEN DALSLAND","15760801"
"RAJALTA","hr0tgd0ffqlzncp4"
"RAKETEN","x7k84xgdvwbx2jzj"
"RANSAKAREN","mwv0ttskk58g2m17"
"REFORM (GÖTEBORG : 1881)","1bnc7gq0z6zm7k87"
"REFORM (HUDIKSVALL : 1889)","t4g517vnr5wr91gm"
"REFORM (STOCKHOLM : 1849)","2cpd8df501hxspsb"
"REFORMATORN","19962135"
"REVELJEN (KÖPING : 1891), TIDNING FÖR MILITÄRER OCH VÄRNPLIKTIGE","1gtj3pxfztzcf80t"
"REVISORN (1874), POPULÄR FOLKSKRIFT I RELIGIÖSA, JURIDISKA OCH POLITISKA ÄMNEN","s3rkf13mq6zhpp98"
"REVUEN, ILLUSTRERAD FAMILJETIDNING","cnb40nc09nhqlsmj"
"RIKSBLADET","q05drn3zn5fvkpj5"
"RIKSGRÄNSEN, NOTIS- OCH ANNONSBLAD FÖR HAPARANDA STAD OCH KRINGLIGGANDE LANDSORTER","gr3c3h5qd2h3xz6k"
"RINKEBYDIREKT","r23xdfnpp3p5k2wh"
"RIPAN","q1cxsl8kn5xdtn26"
"RONNEBY TIDNING (KARLSHAMN : 1876)","09mwrg73x4q1s6pk"
"RONNEBY, NYHETS- OCH ANNONSTIDNING","fq2b2k9xc4ph28cn"
"RONNEBYBLADET","jscdv773g7djxr2z"
"RONNEBYPOSTEN","r2dnj9m7pqng4fpv"
"ROSLAGEN (GÄVLE : 1878), TIDNING FÖR ÖSTHAMMAR OCH ÖREGRUND MED OMNEJD","kv6gb6n7hxf1wh28"
"ROSLAGENS TIDNING","p0blbxncm0hhkk1k"
"ROSLAGSBLADET (ÖSTHAMMAR : 1879), TIDNING FÖR ÖSTHAMMAR, ÖREGRUND OCH NORRTELJE MED OMNEJD","gr3c3rw2dlpg5p42"
"RUOTSIN SUOMALAISSEUROJEN KESKUSLIITON TIEDOTUSLEHTI","15760805"
"RÄTT OCH SANNING PÅ ALLVAR","s3l0vvwtqjfkqrls"
"RÄTTA FÄDERNESLANDET","x65z5v5nvtqd26fc"
"ST TIDNINGEN","15760960"
"STT","15761560"
"SAISONEN, TIDNING FÖR HANDEL & INDUSTRI","fq2b157fcqr15hmg"
"SALA ALLEHANDA","15760812"
"SALA NYA TIDNING","v68fc5g5ss182jlb"
"SALA TIDNING","pz4bcgxbmnmkg0z6"
"SALAPOSTEN","2hkjdthc0kplc9pk"
"SALONGEN, TIDNING FÖR FRUNTIMMER","r6x55fm1p5m6jfm6"
"SALTSJÖBADENS TIDNING","5hlfsln33z8mm0wj"
"SAMEFOLKET, ORGAN FÖR SVENSKA SAMERNAS RIKSFÖRBUND OCH SÄLLSKAPET SAME-ÄTNAM","1l1mdb54z72f0llv"
"SAMEFOLKETS EGEN TIDNING","0k0lbw0jxnvchrc2"
"SAMHÄLLSLYTENAS GISSEL","gts4rv1jdkxg56ng"
"SAMLAREN","2bq805750h151shn"
"SANDVIKENS TIDNING","9rhv6frw7m4q9wcx"
"SANNING OCH FRIHET","v76j5sr7s5z0xzx3"
"SANNING OCH NÖJE","s9qd6rk9qvg0d0zj"
"SCHWEDISCH NORWEGISCHE CORRESPONDENZ.","gtw6zrc4d862gzm0"
"SEDLIGHETS-VÄNNEN, DEN ALLMÄNNA ABOLITIONIST-FEDERATIONENS ORGAN FÖR SVERIGE","4k7vx5b029szmhxm"
"SEFFLE NYHETER","8m20qx7x6lqrs277"
"SEFFLEPOSTEN","z9gtjg8lwdpv459t"
"SEFFLETIDNINGEN","8m20q0xp6mkn7p55"
"SIGNALEN (GÖTEBORG : 1900)","18566467"
"SIGNALEN (STOCKHOLM : 1883)","3fhnm4n61g265lgj"
"SIGNALEN (VÄSTERÅS : 1895)","8lntrz9m6pn9cwnf"
"SIGTUNA TIDNING (SIGTUNA : 1883)","l132xgjgj82d953k"
"SIGTUNA TIDNING (SIGTUNA : 1888)","2hcm10tb0zmv0rkj"
"SIGTUNA VECKOTIDNING","brtsp9cf8xr4t86c"
"SIGTUNABYGDEN (2004)","15760813"
"SILJAN","dt02xjkwb0dn2q00"
"SJÖMANNEN OCH HANDTVERKAREN","22651570"
"SKANDINAVISK OFFERT","2fcvw9w90zr1b5rq"
"SKANDINAVISKE INDUSTRIIDKARES ENGAGEMENTS OCH ANNONSBLAD","zbdph4t3wm22klks"
"SKARA ANNONSBLAD (SKARA : 1835)","08mtxzhnx7dw3zfr"
"SKARA ANNONSBLAD (SKARA : 1891)","lzx8w47wjmhrh671"
"SKARA NYA TIDNING","s728db03q3b2vb2w"
"SKARA TIDNING","l1v26fr3jrw2dnk5"
"SKARA TIDNING (SKARA : 1813)","19bdx9c4zz97tgfw"
"SKARA TIDNING (SKARA : 1825)","t346q5n0r49wlwsv"
"SKARA TIDNING (SKARA : 1838)","r124n6p4p4x7hv7n"
"SKARABORGS ALLEHANDA","15760817"
"SKARABORGS LÄNS ANNONSBLAD","gw3vhk00d87c5hkk"
"SKARABORGS LÄNS TIDNING (MARIESTAD : 1849)","t3cv95rgrp114c77"
"SKARABORGS LÄNS TIDNING (SKÖVDE : 1884)","15760830"
"SKARABORGS LÄNS TIDNING HALFVECKOUPPLAGAN","hv97zb5mf35s5484"
"SKARABORGSBYGDEN","15760835"
"SKARAPOSTEN","jwz8207pg224qs85"
"SKELLEFTEBLADET","q1j0krxgnbl9czg4"
"SKELLEFTEÅ NYA TIDNING","8jhmglkz6qx8vnmv"
"SKELLEFTEÅ TIDNING","x6l3tmxgv5rnft39"
"SKENINGE ALLEHANDA","bpr2w0fn8qr6whs0"
"SKENINGE NYA TIDNING","v4h2r1r2st21jgtg"
"SKENINGE TIDNING","t68kdbggrj7dlm9w"
"SKENINGEBLADET","t68kdf19rwflvkbf"
"SKENINGEPOSTEN","bnqwt7g38ks2mflt"
"SKÄRGÅRDEN (STOCKHOLM : 2000)","16005063"
"SKÄRGÅRDEN (UDDEVALLA : 1897)","jxfm1f6zg9gbvtc7"
"SKÄRGÅRDSBLADET","3gfrdcmr1vghckj2"
"SKÄRHOLMEN DIREKT","21551455"
"SKÅNE HALLAND","1ccsfbv1zlh00drl"
"SKÅNES ANNONSBLAD","fsv507tqc0h773mj"
"SKÅNES FOLKBLAD","wgmx9pnzthxlfc7p"
"SKÅNES FRIA TIDNING","15760836"
"SKÅNES HANDTVERKS OCH INDUSTRITIDNING","cqp1nlbs9b37lwk3"
"SKÅNES NYHETER (MALMÖ : 1883)","bnqwt5gb89j95r0t"
"SKÅNES NYHETER (MALMÖ : 1905)","6jp2s3hb4zkq1n74"
"SKÅNES VECKOTIDNING","09xgvgs1x462qwkc"
"SKÅNETIDNINGEN","mz4h8q0vk0kgfstc"
"SKÅNING, NYKTERHETSPOLITISK TIDNING FÖR SÖDRA SVERIGE","z9gtl4mjw5qmt7gn"
"SKÅNINGEN ESLÖVS TIDNING","s2gkk78wqkhn9c9k"
"SKÅNSKA AFTONBLADET","r38md07kp3dgpn0p"
"SKÅNSKA BUDBÄREN","6jcz280j4h404hxc"
"SKÅNSKA BYGDEN","x8fsk734vzx419jj"
"SKÅNSKA CORRESPONDENTEN","22651584"
"SKÅNSKA DAGBLADET","15760837"
"SKÅNSKA DAGBLADETS HYRES OCH PLATSLISTA","n05j9m6wlf3sgv35"
"SKÅNSKA MERCURIUS","hssmph6vfvrtlk33"
"SKÅNSKA POSTEN","4g96pc2x24xddjcb"
"SKÅNSKA TELEGRAFEN","cms1ddv29jtbg188"
"SKÅNSKA WECKOBLADET","bnt6zn3x8v8fkmwq"
"SKÅNSKE FIGARO","hvx727m1fl76glz9"
"SKÖFDE TIDNING (SKÖVDE : 1858)","bn9cp40w8bldgfqk"
"SKÖFDE TIDNING (SKÖVDE : 1887), NYHETS & ANNONSBLAD","z9x0btmdw186hc8d"
"SKÖFDE TIDNING VECKOUPPLAGA","zdrjl78ww6331v1h"
"SKÖFDEPOSTEN","3fhnlvhr1ntlb8lr"
"SKÖVDE NYHETER (1911)","15760838"
"SMÅLAND","kwz425zshc1533mt"
"SMÅLANDS ALLEHANDA","1dtrjznzz7pxkf4l"
"SMÅLANDS ANNONSBLAD (EKSJÖ : 1899)","t65h456vrfl3v483"
"SMÅLANDS ANNONSBLAD (SKARA : 1893)","09m63z04xh58h0l2"
"SMÅLANDS DAGBLAD (NÄSSJÖ : 2013)","15760840"
"SMÅLANDS FOLKBLAD (1901)","5lbfjjhw3hqt2dnx"
"SMÅLANDSBLADET (EKSJÖ : 1898)","gsv1zxgfd8r8fqsd"
"SMÅLANDSBLADET (EKSJÖ : 1901)","s46c96rrq26rtv61"
"SMÅLANDSBYGDENS TIDNING","15760841"
"SMÅLANDSKURIREN","lx0534vpj5r923s5"
"SMÅLANDSPOSTEN","15760842"
"SMÅLANDSPOSTENS VECKOBLAD","p21c0vz2mt6d49l4"
"SMÅLANDSTIDNINGEN","15760844"
"SMÅLÄNDSKA CORRESPONDENTEN","22665230"
"SMÅLÄNDSKA LÄNENS TIDNING","dqkgvs0fbh2lckv0"
"SMÅLÄNNINGEN (LJUNGBY : 1963)","15760879"
"SMÅLÄNNINGEN (VÄXJÖ : 1885)","wbdc821jtl1bz76f"
"SNÄLLPOSTEN (GÖTEBORG : 1882)","6lnv9fhl46384bks"
"SNÄLLPOSTEN (MALMÖ : 1848)","22651588"
"SOCIALDEMOKRATEN","22688892"
"SOCIALISTEN","s49nf68gqjb836m4"
"SOLLEFTEÅBLADET","n1gd5p6tlbdfljpj"
"SOLLENTUNADIREKT","x783kn1rvjf0l0m5"
"SOLNADIREKT","z894lq47w2xnmmdb"
"SOMMARSÄSONGEN","bm93zq90864vzv72"
"SPECERISTEN","p0hwnr5dmvc0f73w"
"SPEGELN (STAFFANSTORP : 2001)","15760947"
"SPEGELN VELLINGE","17029097"
"SPÅNGA TIDNING","17644168"
"SPÅNGADIREKT","1bc6ntmxz8ftb0d6"
"STJERNAN","r2k1lv5kprlnnzqt"
"STOCKHOLM (1885)","w5bkwkdztrqvvrrk"
"STOCKHOLM (1895)","k0c46xt8hv933qn4"
"STOCKHOLMAREN (1894), DAGLIG TIDNING FÖR RESANDE","2dggzgtn0c50n633"
"STOCKHOLMER CORRESPONDENZ","wbdc8526t7qzxncj"
"STOCKHOLMS FIGARO, ETT ARTISTISKT OCH BELLETRISTISKT SÖNDAGSBLAD","csg7nzl59tjldjw1"
"STOCKHOLMS POSTEN (ONLINE)","11653828"
"STOCKHOLMS ADRESS OCH ANNONSTIDNING","jzb350kcg0j0xnwq"
"STOCKHOLMS ADRESS OCH HYRESLISTA (STOCKHOLM : 1892)","bnwdjf2n8gdb3wbf"
"STOCKHOLMS ADRESS OCH HYRESLISTA (STOCKHOLM : 1900)","x8h047bhvdcp56n4"
"STOCKHOLMS ADRESS OCH VARUTIDNING","fr0hmtzlcbstm66b"
"STOCKHOLMS ADRESS-CALENDER FÖR ÅR ..., ELLER HVAR BOR N: N:","gwp32x93d25jwv2r"
"STOCKHOLMS ADRESS-KALENDER ELLER VÄGVISARE FÖR ÅR ..., UTARBETAD EFTER ÅRETS MANTALSFÖRTECKNINGAR","7ngwnm5w542sxpkj"
"STOCKHOLMS ADRESSTIDNING","cqm9kbzw9w7wqjc8"
"STOCKHOLMS AFTONBLAD","r2kztwwwpvxbpjtp"
"STOCKHOLMS AFTONPOST (STOCKHOLM : 1848)","3dzwdcrd10rr2bhk"
"STOCKHOLMS AFTONPOST (STOCKHOLM : 1871)","9kqz92g0772zzbwk"
"STOCKHOLMS ANNONSBLAD","5lzqsp2r3hds92j7"
"STOCKHOLMS BÖRS OCH HANDELSTIDNING","r16frlhmp0tnk1p6"
"STOCKHOLMS COURIER","10636834"
"STOCKHOLMS DAGBLAD","19277277"
"STOCKHOLMS FRIA TIDNING","15761548"
"STOCKHOLMS GAMLA HANDELSTIDNING","22550060"
"STOCKHOLMS HOTELLTIDNING","gs1jnxqmd6xmws3t"
"STOCKHOLMS HYRESLISTA","0fmd17gqxk3xlwj9"
"STOCKHOLMS HYRESREGISTER","v7m2fmsvs70wq9rc"
"STOCKHOLMS KOMMUNIKATIONER","9q3vxx6m731bh5bm"
"STOCKHOLMS LÄNS NYHETER (1905)","s5k0dxzjq57ddjf3"
"STOCKHOLMS LÄNS TIDNING (1886)","6lf38h5p4n91cdzv"
"STOCKHOLMS MISSIONSBLAD","1gjhdcmxzgts8jdt"
"STOCKHOLMS MODE-JOURNAL, TIDSKRIFT FÖR DEN ELEGANTA VERLDEN","9qd5mvnj79r07pbv"
"STOCKHOLMS MORGONBLAD","dr5l25qwbcwgjz2s"
"STOCKHOLMS NYA ANNONSBLAD","q5j9cgl2n0ljvtm2"
"STOCKHOLMS NYHETER","fv703ckcc72fk8zv"
"STOCKHOLMS STADS PRIS-COURANT","2cvbqbt80ztt4p32"
"STOCKHOLMS SÖNDAGSTIDNING","wbpgk04ttwz9nrjm"
"STOCKHOLMS TIDNING","3dwrdtw91rbhfjkb"
"STOCKHOLMS WECKOBLAD (STOCKHOLM : 1745)","4fxwsv3q2t63m97r"
"STOCKHOLMS WECKOBLAD (STOCKHOLM : 1838)","8k5j64cq6kw4p2fv"
"STOCKHOLMS WECKOBLAD (STOCKHOLM : 1884)","t8b9689prbhgghm6"
"STOCKHOLMSBLADET (1901)","2ft8qxw20c37fh0l"
"STOCKHOLMSBLADET (STOCKHOLM : 1838)","fq8gn33wc285pd0c"
"STOCKHOLMSBLADET (STOCKHOLM : 1855)","0fskncmpxkbzxh46"
"STOCKHOLMSBLADET (STOCKHOLM : 1879)","v49hlpsrsl5f3k06"
"STOCKHOLMSBLADET NYA DAGLIGT ALLEHANDAS NATIONALUPPLAGA","p4h8c6c5m6npwb5q"
"STOCKHOLMSKORRESPONDENS","0fsknpnfxgj3lf41"
"STOCKHOLMSPOST","l1d58f0gjrp26tqd"
"STOCKHOLMSPOSTEN (1868)","xcfd9gxsvcnn0jlx"
"STOCKHOLMSPOSTEN (1889)","4kxpt2kf2062mk8r"
"STOCKHOLMSTIDNINGEN (1889)","21575146"
"STOCKHOLMSTIDNINGEN VECKOUPPLAGA","8m1gz7jg6vmrjs3x"
"STRENGNÄS TIDNING (1846)","dn2lbj7pbrkg2qs6"
"STRENGNÄS TIDNING (1854)","z8r7s4vqwhgcsfps"
"STRENGNÄS TIDNING (2001)","15761553"
"STRENGNÄS WECKOBLAD (STRÄNGNÄS : 1825)","2bq808sf05j3zx4q"
"STRENGNÄS WECKOBLAD (STRÄNGNÄS : 1862)","q07wg7m4n7gt0z6c"
"STRENGNÄSBLADET","8jxg6jq06q0vdks2"
"STRIX","wb0mp5mftkxncfr5"
"STRÄNGNÄS ALLEHANDA","fpxl5120c20sfggq"
"STRÖMSTADS TIDNING (1866)","r6874dntptd06nhx"
"STRÖMSTADS TIDNING (1920)","15761557"
"STRÖMSUNDS TIDNING","q5763h1nn2lwbg5k"
"SUNDBYBERGDIREKT","t450gpv3r7q6037m"
"SUNDBYBERGS OCH SOLNA TIDNING (1900","wbdc8rdjt1x0z1dt"
"SUNDSVALLS DAGBLAD","wb258gb7tm8mwqdg"
"SUNDSVALLS NYHETER (1891)","gwmqt5v5dqb569rk"
"SUNDSVALLS NYHETER (2007)","15761564"
"SUNDSVALLS TIDNING","15761570"
"SUNDSVALLS TIDNING NORRLÄNDSKA KORRESPONDENTEN","19277288"
"SUNDSVALLSPOSTEN","5gc6g4tc39tsr208"
"SUNDSVALLSTIDNINGEN NORRLAND","r2dzvsvqpfd69msx"
"SUNNERBOPOSTEN","6kjvhs0j47kt3xd9"
"SUOMEN UUTISVIIKKO","15761571"
"SVARTA KATTEN","drq2n9jqbt2zqt5c"
"SVEA NYHETS OCH ANNONSTIDNING","xcfdbzcmvjmwq2ph"
"SVENSK AFFÄRSTIDNING","0bddwpcnx00zjs6s"
"SVENSK BRUNNS OCH BADTIDNING","9kjbj94g76mwhkzj"
"SVENSK BÖRSTIDNING","cpxfk6z191rn2g8n"
"SVENSK DAMTIDNING","8pwnblw66h5hcsqw"
"SVENSK FOLKTIDNING","kwzzg6c0h6fwz758"
"SVENSK HANDELS OCH INDUSTRITIDNING","q29sx8vsnbkp00jw"
"SVENSK KEMISK TIDSKRIFT","5jrvxm0x3b41xx7n"
"SVENSK NATIONALTIDNING","kwqm12t0hbclwfr6"
"SVENSK SJÖFARTSTIDNING","0bk2752fxgf7gdwm"
"SVENSK SKYTTETIDSKRIFT (1895), FÖR HEM OCH HÄRD : ORGAN FÖR DEN FRIVILLIGA SKYTTERÖRELSEN I SVERIGE","n3wj2wdklk6lkv41"
"SVENSK TYPOGRAFTIDNING","v9wl63w2sw5c2h8m"
"SVENSK VECKOTIDNING","3fhh0nvp130w00dl"
"SVENSKA ALLEHANDA","7lnzqt5l5qfkxts7"
"SVENSKA ARBETAREN","3fhh0dzs17rbkhwd"
"SVENSKA BIET","22691487"
"SVENSKA DAGBLADET","13434192"
"SVENSKA DAGBLADET JUNIOR, NYHETER FÖR BARN OCH UNGA","n6ndb3mzl302h7lc"
"SVENSKA FOLKBLADET","jzn32cgcgs8vg0s5"
"SVENSKA FOLKET (1890)","t577qbpsrmprjh6z"
"SVENSKA FOLKET (STOCKHOLM : 1874)","6lq8g1kn4bqpn5sf"
"SVENSKA FOLKET (STOCKHOLM : 1888)","1dgrjnb9z0kgrvz2"
"SVENSKA FOLKET (STOCKHOLM : 1906)","q35g7w40nvkbnsbj"
"SVENSKA FOLKVILJAN, ORGAN FÖR SVENSKA FOLKFÖRBUNDET","bt7rf6fv8x4m2wpj"
"SVENSKA FRÄLSNINGSARMÉNS TIDNING, SVENSKA STRIDSROPET","t5dw25x6rsz9vlrp"
"SVENSKA HANDELSKURIREN","m0xfgxhskjkvkwds"
"SVENSKA HÄROLDEN","v76j5vk0ss6bk65f"
"SVENSKA KÖPMANSBLADET","w7gz448wtkvk7kn5"
"SVENSKA LANDTMANNATIDNINGEN","lx5nt36xj0jdkmdf"
"SVENSKA MEDBORGAREN (SKÖVDE : 1866)","8lnn5j6t6nf7ddlg"
"SVENSKA MEDBORGAREN (STOCKHOLM : 1871)","zbdpggslwzsknhxr"
"SVENSKA MORGONBLADET","8p2tzb5g64tj0snh"
"SVENSKA POLITIKEN","5hkk2mdr34mh5jz3"
"SVENSKA POSTEN","3cbgd8b216wq3z41"
"SVENSKA PRESSBYRÅNS MEDDELANDEN","6kmxpwdv4ljhvpj8"
"SVENSKA REVUEN, ILLUSTRERAD FAMILJETIDNING","0cfqht15xt37nx99"
"SVENSKA STRIDSROPET","lx5nt0mqj0ks8bx2"
"SVENSKA SÄNDEBUDET","hvx71gs8f35rmhxb"
"SVENSKA TIDNINGAR","t68kb6gwrghxk2sj"
"SVENSKA TIDNINGEN","s7dgbl67qch16qwr"
"SVENSKA TRIBUNEN (ÖREBRO)","csjmrdl49wtb6d73"
"SVENSKA WECKOBLADET","s57j97ktq8hwpk84"
"SVENSKE ARGUS, FRITT OCH SJELFSTÄNDIGT ORGAN I DAGENS ALLA FRÅGOR","s57j9kzkqn1dz1rg"
"SVENSKE BUDBÄRAREN (1891)","0f58d5pcxnpx4rgp"
"SVENSKE BUDBÄRAREN (1896)","w799s1t1tv650fc3"
"SVENSKE PATRIOTEN, VETENSKAPLIG OCH INDUSTRIELL TIDNING","4g9w0dfx2msv8wmr"
"SVENSKEN, ILLUSTRERAD VECKOTIDNING","w54x40cqtvpxjksr"
"SVERIGE (LINDESBERG : 1885)","lzx8wn5kj9vnqvpx"
"SVERIGE (STOCKHOLM : 1857)","6lq8g3jg473s0d9q"
"SVERIGE (STOCKHOLM : 1890)","7ptrwt7b511gwcph"
"SVERIGE FRITT, ORGAN FÖR FÖRBUNDET SVENSK FOLKGEMENSKAP (F.S.F.)","j0srtkp1gtpxdl5s"
"SVERIGE OCH AMERIKA","22685821"
"SVERIGES SJÖFARTSTIDNING","9l1k51sx7zc4xdw3"
"SVERIGES ADRESS OCH VARUTIDNING","5lk6dmkx3r173x15"
"SVERIGES ALLMÄNNA HANDELS OCH INDUSTRITIDNING (MALMÖ : 1890)","9kflbqch78fxq9jf"
"SVERIGES ALLMÄNNA HANDELS OCH INDUSTRITIDNING (STOCKHOLM : 1906)","8pdts5wm63fvl59v"
"SVERIGES ANNONSBLAD","mxj48cnxkvttxrv3"
"SVERIGES ANNONSER","6gbh81r74pcjws9z"
"SVERIGES EGENDOMS OCH AFFÄRSTIDNING","3d1k01kb14cnkmt3"
"SVERIGES HANDELSTIDNING (1888)","n32pw7nbl9mdz5rk"
"SVERIGES KOMMUNIKATIONER","22550258"
"SVERIGES LANDTMANNAFÖRBUNDS TIDSKRIFT, ORGAN FÖR SVERIGES LANDTMANNAFÖRENINGAR","q8lfpllqn367zfwv"
"SVERIGES NYA TIDNING","22552225"
"SVERIGES NYA TIDNING HALFVECKOUPPLAGA","22572569"
"SVERIGES NYA TIDNING VECKOUPPLAGA","22552228"
"SVERIGES RESTAURANTTIDNING","n1gd5t44lbg860z7"
"SVERIGES TIDNING (ENKÖPING : 1883)","22552151"
"SVERIGES TIDNING (STOCKHOLM : 1868)","v98w37w5sr349nvd"
"SVERIGES TJENSTELISTA","p18rw9v3mh87b9d0"
"SVÄRDET OCH BIKUPAN","8ltbhttm6gxpdhnq"
"SWEA, ILLUSTRERAD TIDNING FÖR HEMMET","3jlkh23n1ldf1bbf"
"SWENSKA WECKOTIDNINGEN FACKLAN","q244mxrmn0dwzv4q"
"SYDHALLAND","6ml29r2d4mgp0k0r"
"SYDKUSTEN","1cl38nl5z0dnnvnk"
"SYDSVENSKA DAGBLADET","22651590"
"SYDSVENSKA WECKOBLADET","zbzqsdb7w39n481n"
"SYDSVENSKAN","15761578"
"SYDÖSTRAN","15761581"
"SYNGLASET","s4d147l8qfvprdql"
"SÄFFLETIDNINGEN","15761587"
"SÄFSJÖ TIDNING","2h6mm22r04ll8vgs"
"SÄNDAREN, EN KRISTEN VECKOTIDNING : ORGAN FÖR SVENSKA BAPTISTSAMFUNDET OCH SVENSKA MISSIONSFÖRBUNDET","r7kk3br6pr1nxnvp"
"SÄSONGEN (GÖTEBORG : 1879), ANNONSTIDNING FÖR GÖTEBORGS OCH BOHUS LÄN","dn372g28b33vzk7p"
"SÄSONGEN (MALMÖ : 1891)","6kh01n92418hh5p2"
"SÖDERHAMNS TIDNING","20792765"
"SÖDERHAMNSKURIREN (1895)","gvhhzfmmdsh4lz55"
"SÖDERHAMNSKURIREN (2007)","15761591"
"SÖDERHAMNSNYTT","15761595"
"SÖDERHAMNSPOSTEN","drn5m55qbx4d02v9"
"SÖDERKÖPINGS ALLEHANDA","7j1h2jd358c9dkl3"
"SÖDERKÖPINGS NYA TIDNING","m1kdb9sqkxkd13qz"
"SÖDERKÖPINGS TIDNING (1853)","7hnvkcsf56v3gvxl"
"SÖDERKÖPINGS TIDNING (1895)","ftfl97f1cb6h4z6m"
"SÖDERKÖPINGSPOSTEN","p3mgdg5vmx7fqvx4"
"SÖDERMALM","q29sxcmknmqjwn93"
"SÖDERMALMDIREKT","s34zg7khq99x4q3g"
"SÖDERMALMS TIDNING","9nl359137fppkdfk"
"SÖDERMALMSNYTT","15761596"
"SÖDERMANLANDS ALLEHANDA (TROSA : 1885)","5jcjdj0l3zcjwnq3"
"SÖDERMANLANDS ALLEHANDA (ÖREBRO : 1872)","2bwxdv9f0mztgx8c"
"SÖDERMANLANDS DAGBLAD","jwtbb8r0g5630n97"
"SÖDERMANLANDS LÄNS ANNONSBLAD","1dbttv0tz2gdm6v9"
"SÖDERMANLANDS LÄNS TIDNING","8nz19cn26sk35szd"
"SÖDERMANLANDS NYHETER","15761609"
"SÖDERMANLANDS OCH NERIKES ANNONSBLAD","pzcwm2jzmn2r3dx7"
"SÖDERMANLANDS OCH NERIKES NYHETER","w5k3tbkvtfjrsgp6"
"SÖDERMANLANDSPOSTEN","s20bmntlqhf8nk6g"
"SÖDERORTDIREKT","x7ktddd3v2cmhcmw"
"SÖDERTELGE TIDNING","cmjgvtg59slrhcz9"
"SÖDERTÄLJE POSTEN","15761622"
"SÖDERTÄLJE TIDNING","t65h4hqmr06kmfxv"
"SÖDERTÄLJE-SÖDERTÖRNSPOSTEN","cqn6cb1z9zch6974"
"SÖDRA DALARNES TIDNING","15761691"
"SÖDRA NORRBOTTENS TIDNING","lw86b1k8j02gw00j"
"SÖDRA SKÅNE (TRELLEBORG : 1893)","hvsbg2rrfzzqmr79"
"SÖDRA SKÅNE (YSTAD : 1879)","bl56n60t8bctzwtv"
"SÖDRA SVERIGE (KRISTIANSTAD : 1881)","s7xcc700qpf4tm3t"
"SÖDRA SVERIGE (MALMÖ : 1898)","gwl11j7qdgw424dv"
"SÖDRA SIDAN","15761707"
"SÖLVESBORGS ALLEHANDA","gs1jp5s1dzktt07s"
"SÖLVESBORGSPOSTEN","x97rwt96vl8zqvff"
"SÖLVESBORGSTIDNINGEN","15761708"
"SÖLWE","r1mrr92tprd3pcbs"
"SÖNDAGEN (GÖTEBORG : 1884)","z795bt6cwp1ql6l1"
"SÖNDAGEN (GÖTEBORG : 1890)","r2jr7dfspxr38l5j"
"SÖNDAGSNOTISERNA","jwtbd9t6gfjmsgjf"
"SÖNDAGSNYTT (NORRKÖPING : 1905)","jwtbcbzvghcznsl2"
"SÖNDAGSPOST","zb8rsczbwb6hksxq"
"SÖNDAGSPOSTEN (GÖTEBORG : 1881)","6ld6bbvz4wkxrbc4"
"SÖNDAGSPOSTEN (STOCKHOLM : 1872)","bnwdj1588bb7f28r"
"SÖNDAGSPOSTEN (STOCKHOLM : 1886)","s2f0p290qbt03t7p"
"SÖNDAGSTIDNINGEN (MALMÖ : 1891)","0c9stk4kx4kqctk7"
"SÖNDAGSTIDNINGEN (STOCKHOLM : 1847)","fpzgwjb2cz1f23k7"
"SÖRMLANDSBYGDEN","15761710"
"SÖRMLANDSKURIREN","0f58dbzfxxqv0r2p"
"SÖRMLANDSPOSTEN","4kj08k1f22rkn4hg"
"SÖRMLÄNNINGEN (ESKILSTUNA : 1892)","7lj114d95njw7sqv"
"SÖRMLÄNNINGEN (NYKÖPING: 1883-)","3gdx2x7617dt2vr8"
"TTELA","15873571"
"TELEFON, TIDNING FÖR ALLVAR OCH SKÄMT","ktwch2f8hm9qbnd6"
"TELEGRAFEN (GÖTEBORG : 1825), LITTERÄR COMMERCIEL EKONOMISK OCH POLITIK TIDNING","p1vr59vbmfhsnjfw"
"TELEGRAFEN (HELSINGBORG : 1835)","22651592"
"TELEGRAFEN FRÅN TROLLHÄTTAN","08szfbs7xkl3tccx"
"TELEGRAFEN I WEXJÖ","grrlnmh9d6xh6cr1"
"TEMPUS","15761769"
"TENSTADIREKT","3df8r1kf15pvvnzj"
"THE REPORT OF ST. BARTHOLOMEW","m3x1x858krz3jn00"
"THOR","8j2g1xz66b4g0crf"
"THORGNY","4gq4smlt276lb4rq"
"TIDAHOLMS TIDNING","bl4j33zp8zchw7kp"
"TIDAHOLMSPOSTEN","dn6l582lbvbvpf2v"
"TIDEN (LUND : 1874)","nxszwlr8lj69cwkj"
"TIDEN (STOCKHOLM : 1847)","gs1jn7sqdk9cpdhb"
"TIDEN (STOCKHOLM : 1858)","9k3h37x27d41jd9p"
"TIDEN (STOCKHOLM : 1883), SVERGES BILLIGASTE DAGLIGA TIDNING / UTGIFEN AF K.P. ARNOLDSON","w5p3pzkvt5ld3sq2"
"TIDERNA","q1kr003fnrgfmkbt"
"TIDNING FÖR FALU LÄN OCH STAD","gsmj8w3cdg0tkh20"
"TIDNING FÖR GEFLE STAD OCH LÄN","dq0d3q21bm179t9x"
"TIDNING FÖR HEDEMORA SÄTER OCH AVESTA ELLER SÖDRA DALARNES VECKOBLAD","t3nvscbtr8nj17w9"
"TIDNING FÖR LINDESBERGS STAD","pzt0zw5zmj9p822t"
"TIDNING FÖR SKANDINAVIEN","gs2g5vs7dkxjc711"
"TIDNING FÖR SKARABORGS LÄN","22687684"
"TIDNING FÖR STOCKHOLMS LÄN","bqvdp96n816bc4l4"
"TIDNING FÖR SVENSKA LANDTBRUKSMÖTET","hrbjg4pjf5thnc3p"
"TIDNING FÖR SVERIGES MINUTHANDLARE","hrbjg7gsf3dt4g5z"
"TIDNING FÖR SWERIGES ALLMOGE","z7tzzk9twtm88hmk"
"TIDNING FÖR SÖDERMANLAND","5fsz2wl83qlbp1w6"
"TIDNING FÖR WENERSBORGS STAD OCH LÄN","11653830"
"TIDNING FÖR WENERSBORGS STAD OCH LÄN LANDSBYGDSUPPLAGAN","r6cfbrk2pf16j5w5"
"TIDNING FÖR WESTER- OCH NORRBOTTENS LÄN","v4qvvj8vsg154csk"
"TIDNING FÖR ALLA","pzhwhthkmwmxb61c"
"TIDNING FÖR HANDEL, SJÖFART OCH NÄRINGAR","lw7h7dbdjmcdpqdd"
"TIDNING FÖR HÄSTVÄNNER","9qk9jkg97cg83fs8"
"TIDNING FÖR IDROTT","v9wpjvsssgssqq16"
"TIDNING FÖR LÄRARINNOR","p4sffxrzm1kg42vz"
"TIDNING FÖR STORA KOPPARBERGS LÄN","22545969"
"TIDNING FÖR TEATER OCH MUSIK","gwmvv48hdcvtk2vm"
"TIDNING FÖR UNGDOM","t3hg7nb4rqx6qx0m"
"TIDNING FÖR ÅMÅLS STAD OCH DALSLAND (1847)","t44z17lfr4dn935r"
"TIDNING FÖR ÅMÅLS STAD OCH DALSLAND (1879)","2bw31vbp04jswc0z"
"TIDNINGAR UTGIFNE AF ET SÄLLSKAP I ÅBO","v6f58nv9st1nbnz1"
"TIDNINGEN CENTRUM","15761784"
"TIDNINGEN FARSTA SKÖNDAL","17644185"
"TIDNINGEN HAMMARBY SKARPNÄCK","17644634"
"TIDNINGEN HISINGEN","15761787"
"TIDNINGEN LILJEHOLMEN ÄLVSJÖ","15761789"
"TIDNINGEN NORDOST","15761791"
"TIDNINGEN VÄSTER","15761795"
"TIDNINGEN VÄSTSVERIGE","15871803"
"TIDNINGEN GRÄNSEN","6g1752lh48xndg31"
"TIDNINGEN SYDVÄST","15761793"
"TIDNINGEN ÅNGERMANLAND","15871851"
"TIDNINGEN ÅRSTA ENSKEDE","15871868"
"TIDNINGEN ÖSTER","15871879"
"TIDSKRIFT FÖR HEMMET (STOCKHOLM. 1859), TILLEGNAD NORDENS QVINNOR","gwk67n0dd9336s1l"
"TIDSKRIFT FÖR SVENSKA NÄRINGARNE","5p1v4ssf3dbwcwv8"
"TIERPSPOSTEN","2hbrxhm40t182twx"
"TJENSTEBLADET","4dz542192jckf45s"
"TJUSTS TIDNING","jwv6t8fngw67w1bt"
"TOMELILLA TIDNING","lvfmlnz0j61wld3s"
"TOMTEBISSEN","9kjnh7f07k37j81w"
"TORSHÄLLA VECKOBLAD","bl5cbrdk890069l1"
"TORSLANDA TIDNINGEN","15871900"
"TOTALT UMEÅ","15874893"
"TRANÅS TIDNING (LINKÖPING : 1875-)","6g176qbp4wm08kf8"
"TRANÅS TIDNING (SKÄNNINGE : 1879-)","5f065q2q37w7mcdn"
"TRANÅS TIDNING (TRANÅS : 1892-)","15873467"
"TRANÅSPOSTEN (LINKÖPING : 1898)","w5qxwljft2kfl4wp"
"TRANÅSPOSTEN (TRANÅS : 1992)","15873485"
"TRELLEBORGS ALLEHANDA","15873532"
"TRELLEBORGS ANNONSBLAD","20858608"
"TRELLEBORGS NYHETS- OCH ANNONSTIDNING","t3nvtp05rw7k8rr5"
"TRELLEBORGS TIDNING","19v21tz4z4l6n7jw"
"TRELLEBORGSPOSTEN","2bp8zf490s02szdv"
"TRELLEBORGSTIDNINGEN","20794232"
"TRIBUN, TIDNING FÖR POLITIK LITTERATUR OCH JURIDIK","3cb4b99411czlpp1"
"TRIUMF","x69z990tvq0r4kfg"
"TROLLHÄTTAN","22683554"
"TROLLHÄTTAN 7 DAGAR","16191966"
"TROLLHÄTTANS TIDNING (VÄNERSBORG : 1903)","22683557"
"TROLLHÄTTANS WECKOBLAD","22683563"
"TROSA GNESTA TIDNING","cmhnpnb092krc4pb"
"TROSA NYHETER","s2x33qnqqhtcv536"
"TROSA TIDNING (MARIEFRED : 1880)","3cx441j01svjtgx9"
"TROSATIDNINGEN","pzjqqq34mfdnnfcg"
"TROTS ALLT (STOCKHOLM), KAMPTIDNINGEN FÖR SVENSK OCH MÄNSKLIG POLITIK","m4d44w1zk2tb3g45"
"TRUMF, SVERIGES BILLIGASTE VECKOTIDNING","gqphn0s5dkh33586"
"TRYCK-FRIHETEN DEN WÄLSIGNADE.","r8sr750tp062xzd2"
"TURISTEN, TIDNING FÖR RESANDE","8jhmfppj6cj1t1h1"
"TÄBY NYA","22061180"
"TÄBY NYHETER (2015)","17644660"
"TÄBYDIREKT","5ghbt4zh3f4w409h"
"TÖREBODA TIDNING (1862)","lvfmmpc1jqwhpkwh"
"UDDEVALLA 7 DAGAR","15873736"
"UDDEVALLA TIDNING","6mbrsltm48b7x7ck"
"UDDEVALLA VECKOBLAD, TIDNING FÖR VÄSTRA SVERIGE","k0p451g8h0tz4n1s"
"UDDEVALLAPOSTEN","15873765"
"UDDEVALLATIDNINGEN","q5v9bc2nnm8bjqqg"
"UDDEWALLA WECKOBLAD","gq59p4d5dhzq0xr4"
"ULRICEHAMNS TIDNING","15873779"
"UMEBLADET","19277301"
"UMEÅ NYA TIDNING","x9l9wbgmvx097bkz"
"UMEÅ TIDNING","20011998"
"UMEÅTIDNINGEN","p0bwssxtmk7fw3xr"
"UNGDOMSVÄNNEN, KRISTLIG TIDNING FÖR SVERIGES UNGDOM","hrqvn193fms7nnd2"
"UNGHERRARNES EGEN","4d8fg1n52lgb14wf"
"UPLAND","19827n38zl05wtd6"
"UPLANDSKURIREN, TIDNING FÖR ENKÖPINGS STAD UPLAND OCH VÄSTMANLAND","gtq7p9cld69xlwlg"
"UPLANDSPOSTEN","l1w5km52jkdsjp7m"
"UPPLANDS NYHETER","15873796"
"UPPLANDS-BRODIREKT","p01vcs2sm51vw2mm"
"UPPLANDSBRO-BLADET","19341237"
"UPPLYSNINGSREGISTRET","cqn579mx9ldzxswb"
"UPPSALATIDNINGEN","15873832"
"UPSALA","19277330"
"UPSALA ACADEMIE- OCH STADSTIDNING","6g2660424rtvpfz5"
"UPSALA HYRESLISTA","drp7c13gbbcsz79g"
"UPSALA LÄNS ANNONSBLAD","r41j1psrpsnlwbfr"
"UPSALA LÄNS TIDNING","x97rwmd9vjsjbcj5"
"UPSALA NYA TIDNING","15873880"
"UPSALA STADS OCH LÄNSTIDNING","v4qvwz2msvmr901m"
"UPSALA STADS WECKOTIDNING","bl6bcm828j2hqk8c"
"UPSALA TIDNING","9lbb56gz7r87gt5w"
"UPSALA TIDNINGAR","w7h47djwtg1zt03j"
"UPSALA WECKOBLAD","09zdlzkbxz9t9k74"
"UPSALA WECKOTIDNINGAR","08v01brfx3h96djk"
"UPSALABIET, TIDNING FÖR POLITIK, LITTERATUR OCH EKONOMI","6kh15z7c4r3s0ldz"
"UPSALAPOSTEN","jwrzgc9pgb24nx1r"
"UTKIKEN (LANDSKRONA : 1880)","t64mnwzrrgh0v71w"
"UTKIKEN (STOCKHOLM : 1891)","6gbhk3t74hkknmp0"
"UTLANDETS NYHETER","5kp7g4p43f7k5zrk"
"UTSTÄLLNINGSBLADET, NÖJES-, KOMMUNIKATIONS- OCH RESANDE- TIDNING FÖR NORRKÖPING, SOMMAREN 1906","v75npqx7s5h21bf8"
"VALLENTUNA NYA (2010)","15873902"
"VALLENTUNA NYA (2019)","t4g1r2wtrct07rkf"
"VALLENTUNA NYHETER","17644673"
"VALLENTUNADIREKT","2cd7q9f30tj3tgds"
"VARA TIDNING (LIDKÖPING : 1894)","z8xqmmztwsc14lm1"
"VARBERGS TIDNING (2022)","n379c04ql53hb29v"
"VARBERGSPOSTEN (1894)","q1phdm28n1rnf9nn"
"VARBERGSPOSTEN (1996)","15873919"
"VARIÉTÉ (STOCKHOLM : 1890)","5j951gn7328wkjg1"
"VARIÉTÉ (STOCKHOLM : 1894)","zb3ztbz6wkjlvh4x"
"VASASTANDIREKT","dpqk2n6rb9qbcqwl"
"VECKAN (1891)","s215zg7nqc8rbgb6"
"VECKAN NYHETER (STOCKHOLM : 1893)","n122g89sl4pxptz8"
"VECKO-REVYN","2h2l3g9k0tbzrql1"
"VECKOBLADET (STOCKHOLM : 1882)","6gfkcx184l0pz9jg"
"VECKOPOSTEN","dsv2h0cdb4l8ngcl"
"VECKORAPPORT FRÅN HUVUDSTADEN","4hjjxsn427wsqr95"
"VECKOREVYEN","0cddsqmvxf6xswh7"
"VECKOTIDNINGEN TIDEN","v4pq657xsr9lv6xt"
"VECKOUPPGIFT ANGÅENDE EXECUTIVA ÅTGÄRDER","9npp34jj71qfrl50"
"VECKOUPPGIFT ÖFVER GÖTEBORGS INFÖRSEL OCH UTFÖRSEL","dqzgl90nbbjmh25z"
"VENERSBORGSPOSTEN","hvv2624wfl70q4t0"
"VERDANDISTEN, ORGAN FÖR NYKTERHETS-ORDEN VERDANDI","0dgn4xr8xvchdkbs"
"VERITAS (STOCKHOLM : 1869), KONTROLL TIDNING FÖR IN- OCH UTLÄNDSKA STATS OCH STADS OBLIGATIONER","8jhmf3cb65bpwqdc"
"VERNAMO ALLEHANDA","4f3wt3d22pb842sl"
"VERNAMOPOSTEN (VIMMERBY : 1886)","v5tmkw4gskxlbb80"
"VERNAMOPOSTEN (VÄXJÖ : 1899)","z8xqn2frwk892z7p"
"VESTERBERGSLAGENS TIDNING","8md84tg16223c9gm"
"VESTERGÖTLAND","dp6n7xh4bdqtl9qm"
"VESTERGÖTLANDS ANNONSBLAD","2bx23mpg0k09t7cs"
"VESTERGÖTLANDS DAGBLAD","gtvv8c2wdr4cnxbw"
"VESTERGÖTLANDS NYHETER","r4wrmd03pt1vkzr3"
"VESTERNORRLANDS LÄNS TIDNING","s5wz109nq5vwq534"
"VESTGÖTAKURIREN, VECKOTIDNING FÖR VESTERGÖTLAND","w81wrnjtt7927kvf"
"VESTGÖTEN (BORÅS : 1888)","w88glcpft4n5b5lb"
"VESTGÖTEN (LIDKÖPING : 1887)","2gjtx1q103vghpsg"
"VESTMANLANDS LÄNS TIDNING","15873936"
"VETLANDAPOSTEN","15874017"
"VI I KISTA","18427731"
"VI I RINKEBY","18427726"
"VI I SOLLENTUNA","15874230"
"VI I SOLNA","17644898"
"VI I SUNDBYBERG","17644758"
"VI I TENSTA [ELEKTRONISK RESURS]","18427689"
"VI I VASASTAN","15874234"
"VI I VÄSBY","15874292"
"VI I VÄSBYDIREKT","lwxr8x78jzjcvn90"
"VICTORIA (MARIEFRED : 1882)","lvqw0zxtjrl5mntc"
"VIKEN, TIDNING FÖR UPPLYSNING OCH FRAMÅTSKRIDANDE","3gwtlk8n159x9blk"
"VIKINGEN","p0ngbcq3mmwt7qt0"
"VILDEN","hrmsxmg0fh57xzwp"
"VIMMERBY TIDNING","15874332"
"VIOLA, ANNONSBLAD FÖR TRÄDGÅRDEN","cq53vzh39bzc29c5"
"VISBYPOSTEN","r62bq9fdp7mj980l"
"VÄGVISARE FÖR NORRKÖPING","ktrrsqbqh12fqrmm"
"VÄGVISARE FÖR RESANDE I FALUN","hs6gzx6hfpck31mv"
"VÄGVISARE FÖR RESANDE TILL GÖTEBORG","t4js9blsrvzsb028"
"VÄGVISARE FÖR RESANDE TILL STOCKHOLM (1876)","t4js8mc2rg06bjhq"
"VÄLLINGBY TIDNING","17644686"
"VÄLLINGBYDIREKT","x783lbxkvsxs3t0z"
"VÄNERSBORGAREN","15874383"
"VÄNERSBORGSPOSTEN HALVVECKOUPPLAGAN","6hw5nv7x49zc88r8"
"VÄRLDEN IDAG","15874405"
"VÄRLDENS GÅNG (STOCKHOLM : 1886)","8kz7q6jv6kphqlvp"
"VÄRLDENS GÅNG (STOCKHOLM : 1898)","7jx6p63v51lnmkcw"
"VÄRMLANDS DAGBLAD","7jx6p0vs5l382z3k"
"VÄRMLANDS FOLKBLAD (KARLSTAD : 1906)","xcdk63x7v69hg7d8"
"VÄRMLANDS FOLKBLAD (KARLSTAD : 1918)","15874412"
"VÄRMLANDSBERG","lzz254x0j7qv15kf"
"VÄRMLANDSBYGDEN (2021)","q3fmlv5gnfmfrxbx"
"VÄRNAMO NYHETER","15874417"
"VÄSTBOANDAN","20208244"
"VÄSTERBOTTENS FOLKBLAD","p681dcnpm2c6s7hx"
"VÄSTERBOTTENS MELLANBYGD","15874450"
"VÄSTERBOTTENSKURIREN","15874500"
"VÄSTERBOTTNINGEN (1979)","15874619"
"VÄSTERGÖTLANDS ANNONSBLAD","q56cts6pncdj1vn2"
"VÄSTERNORRLAND","v70vrt4csj25n7zh"
"VÄSTERNORRLANDS ALLEHANDA","cqzgkfc29tvd0bdj"
"VÄSTERNORRLANDS DAGBLAD","1gmpl730zwlx8q16"
"VÄSTERVIKS VECKOBLAD","3dd79vzx1bnbqstf"
"VÄSTERVIKSPOSTEN","gtntpblsdpbnb8wj"
"VÄSTERVIKSTIDNINGEN","15874629"
"VÄSTERÅS TIDNING","15874633"
"VÄSTGÖTA KORRESPONDENTEN SKÖVDE TIDNING","htgj0rsrfv3k631b"
"VÄSTGÖTABLADET","15874638"
"VÄSTMANLANDS NYHETER","15874645"
"VÄSTRA SVERGES LANTMANNATIDNING","fvk0176rclx1phj3"
"VÄSTRA SVERIGE (1895)","wb1gj3bvtp5dzjxh"
"VÄSTRA SVERIGE (1901)","2h6mp5sb09qq9htj"
"VÄSTRA DAGBLADET BORÅSPOSTEN","cs0rczhv94btj7gb"
"VÄSTRA DAGBLADET DALSLANDSPOSTEN","7n1szrtr55fz4pcp"
"VÄSTRA DAGBLADET GÖTEBORGSUPPLAGAN","4krj4vdz26hwj0bg"
"VÄSTRA DAGBLADET SKARABORGSPOSTEN","5lzqwtrv36vh67hk"
"VÄSTRA DAGBLADET TROLLHÄTTEPOSTEN","6mtl61194rkhq1gj"
"VÄSTRA DAGBLADET VÄNERSBORGSPOSTEN","zdlc0x73wxblsxsl"
"VÄXJÖBLADET KRONOBERGAREN","15874651"
"VÅRT KUNGSHOLMEN","15874351"
"VÅRT FOLK","9khhjb017z27x6g5"
"VÅRT LAND (1873)","8jdkpzgp675phv8f"
"VÅRT LAND (STOCKHOLM : 1886)","5kd27klm3n6cgpcl"
"VÅRT LAND WECKUPPLAGA","zc6v1g8zwvskl2vb"
"WADSTENA LÄNS TIDNING","w6vnkdqzt80bcll3"
"WADSTENA TIDNING","hsg8f935f93vd5jh"
"WADSTENA WECKOBLAD","6h5ls8754zg40pdp"
"WADSTENABLADET","t4s7fxm1r6k1bhk1"
"WARA TIDNING (ÖREBRO : 1886)","hsg852ddf8ps2w66"
"WARBERGS TIDNING (1857)","x6sxzbslv6gvbkxl"
"WAXHOLMS TIDNING (1876)","0c40vdqfxpgbs35k"
"WAXHOLMS TIDNING (1897)","fs75xs18c1z55j2r"
"WECKOBLAD FRÅN GEFLE","22552274"
"WECKOBLAD FÖR GEFLEBORGS LÄN","22572783"
"WECKOBLADET (MOTALA : 1888)","dtpzcrk7bt7pkl8k"
"WECKOBLADET (STOCKHOLM : 1832)","fr1f4wf2ch2t16sg"
"WECKOTIDNING","22666428"
"WENERSBORGS ALLEHANDA","5gtrwpmm31c98xj9"
"WENERSBORGS TIDNING","z850jpskwhbz20s4"
"WENERSBORGS TIDNINGAR","w63xgpdktbxxkdm3"
"WENERSBORGS WECKOBLAD","v52wfq9ksfmxz299"
"WENERSBORGS WECKOTIDNING","1b72mz8nz4tbcrw3"
"WENERSBORGSPOSTEN","x92xsf0fvdj56bc4"
"WERDANDI","6gmv8jtg4jppgl1r"
"WERLDS-BORGAREN","8r98rcv86c7tdpnj"
"WERMLANDS ALLEHANDA","gtr89fcjdxwqc4tk"
"WERMLANDS LÄNS TIDNING","11653832"
"WERMLANDS TIDNING","p16k8cl3mx6s0f7q"
"WERMLANDSPOSTEN (KRISTINEHAMN : 1893), KRISTLIGT POLITISK TIDNING FÖR WERMLAND OCH DAL","4ddsdq4l2z06fzw8"
"WERMLANDSKURIREN","p2svxt3zmwjqhb9t"
"WERMLANDSPOSTEN (KARLSTAD : 1853)","ht0c275kfxcsgdd6"
"WERMLANDSTIDNINGEN","19227501"
"WERMLÄNDINGEN","3dwcxgcw1kv28j99"
"WERMLÄNDSKA KORRESPONDENTEN","q27lln0bnj8mnrf7"
"WERNAMO TIDNING","11653834"
"WESTER OCH NORRBOTTENS LÄNS TIDNING","hrchj02bfd62w1z2"
"WESTERBOTTEN","x7q6rd1rv1sg5c62"
"WESTERGÖTLAND ALLEHANDA","dt02zh11bpz4vzqt"
"WESTERGÖTLANDS NYHETER","r4wrmgj9pwq2m890"
"WESTERNORRLANDS LÄNS TIDNING","2f62xwvt0mzz7d4v"
"WESTERÅS ANNONCEBLAD","kvvpr2m2hmvx0bg1"
"WESTERÅS STADS OCH LÄNS TIDNING","s33h93rcqq1zwk84"
"WESTERÅS TIDNING (VÄSTERÅS : 1813)","4ff8bp2v2n277sgw"
"WESTERÅS TIDNING (VÄSTERÅS : 1887)","p2258fffm6rh2xzd"
"WESTERÅS TIDNINGAR","8kkdgw996916t016"
"WESTERÅSPOSTEN","jttnq7t4gj27m8r4"
"WESTGÖTAPOSTEN","t677ns67rkhlhbh5"
"WESTGÖTHA KORRESPONDENTEN","bppsw45v8k7m01xc"
"WESTKUSTEN","fvq0dv6kcmgz3z1n"
"WESTMANLAND","4h79chpb2lnjj65q"
"WESTMANLANDS ALLEHANDA","m0t0wllxkgs96mvx"
"WESTMANLANDS ANNONSBLAD","r4wrn500ppf27bj8"
"WESTMANLÄNNINGEN","9l44gs8t7jgxj94t"
"WEXIÖ TIDNING","p00twzs5mp3c9lrh"
"WEXJÖ LÄNSTIDNING","mxxrtxcfkwgrq7jx"
"WEXJÖBLADET","19277346"
"WIMMERBY TIDNING","0b5zq922x589f12v"
"WIMMERBY WECKOTIDNING","22680451"
"WIMMERBYBLADET","22680457"
"WIMMERBYKURIREN","22680459"
"WIMMERBYPOSTEN (1902)","22680468"
"WIMMERBYS TIDNING","22680476"
"WISBY ARGUS","n0tmc4c5l2wwkhlc"
"WISBY WECKOBLAD (VISBY : 1827)","lwm8zzzgj63lhx98"
"WISBY LÖRDAGSBLAD","grfv17m8d36jvmjm"
"WISBY TIDNING","mxl16b1dkw9b8l98"
"WISBY WECKOBLAD (VISBY : 1823)","jtk6w0xjgqh441p2"
"WÄKTAREN, TIDNING FÖR STAT OCH KYRKA","mxbl2h9sk5g183xn"
"WÄRMLANDS LÄNS ANNONSBLAD","z8nxfslkwm8ghhlp"
"WÄRMLANDSBERG","q1fp7p7jnp0wwf8h"
"WÄSTGÖTAKORRESPONDENTEN WECKOUPPLAGAN","5lms8g1x3wst0dqd"
"WÄSTGÖTHA TIDNINGAR","7hwd40rj59d33dds"
"YSTADS ALLEHANDA","15874668"
"YSTADS NYA TIDNING","3dd795vf1rcw1dwq"
"YSTADS NYHETS- OCH ANNONSBLAD","r2dzvx3fpqm539qr"
"YSTADS TIDNING (1852)","w84btspztlm0lkd6"
"YSTADS-POSTENS VECKOBLAD","w6j304jmtm59t2j0"
"YSTADSPOSTEN","w8pmdl1ctqd6qckl"
"ÄRKEÄNGELN, PRÄSTERNAS SPEGEL","3d2vqt9816bnr7ss"
"ÅBO NYA TIDNINGAR","kw4vzfhkh91228gm"
"ÅBO TIDNING","lx5w0hcbjdf3vb5r"
"ÅBO TIDNINGAR","p1804nbqmk7mkjg6"
"ÅBY-KLIPPANS TIDNING","5j6ssmht3fmnxtq2"
"ÅBY-ÅSTORPSTIDNINGEN","m0jvllgrk2hm3bwz"
"ÅKERSBERGA KANALEN","15874674"
"ÅMÅLS TIDNING","9n31s2597zpc6nk7"
"ÅMÅLS WECKOBLAD (ÅMÅL : 1846)","p00fm252msz720xz"
"ÅMÅLS WECKOBLAD (ÅMÅL : 1856)","mww9qq0bkql7n5f7"
"ÅMÅLS WECKOBLAD (ÅMÅL : 1866)","r11fvxhbpwznj0th"
"ÅMÅLSPOSTEN","7l1zq3lf51121v40"
"ÅNGAREN","m0mdg5zfk82ddt3l"
"ÅNGBÅTSTIDNINGEN, UTGIFVEN AV AFTONBLADET","4h4wzqtg2wgndrh7"
"ÅNGERMANLANDS TIDNING","fskf9bt6cbw46ld8"
"ÅSBO HÄRADERS TIDNING","8mjdvkl665kg979n"
"ÅSTORPSPOSTEN SKÅNE-SMÅLAND","cn5m60nh9nmvh8vq"
"ÖFRE STOCKHOLM","4dfmc3w12w0x3pm4"
"ÖLANDS TIDNING (KALMAR : 1881)","22692486"
"ÖLANDSBLADET","15874682"
"ÖLANDSPOSTEN","22692490"
"ÖREBRO AFTONBLAD","22692493"
"ÖREBRO DAGBLAD","22692498"
"ÖREBRO LÄNS TIDNING","22692501"
"ÖREBRO MARKNADSTIDNINGAR","22692504"
"ÖREBRO NYA TIDNING","22692517"
"ÖREBRO STADS VECKOTIDNING","22692507"
"ÖREBRO TIDNING (ÖREBRO : 1806)","22692519"
"ÖREBRO TIDNING (ÖREBRO : 1856)","22692522"
"ÖREBRO TIDNING (ÖREBRO : 1881)","22692524"
"ÖREBRO TIDNING HALFVECKOUPPLAGAN","22692531"
"ÖREBRO TIDNING VECKOUPPLAGAN","22692535"
"ÖREBRO WECKOBLAD (ÖREBRO : 1784)","22692509"
"ÖREBRO WECKOBLAD (ÖREBRO : 1793)","22692514"
"ÖREBROAR'N","15874683"
"ÖREBROKURIREN (1902)","22692541"
"ÖRESUNDSBLADET","w8xjjfkgt1x4msg4"
"ÖRESUNDSPOSTEN (HELSINGBORG : 1842)","7mr9l9qp56ddqjlw"
"ÖRESUNDSPOSTEN (HELSINGBORG : 1847)","frw7sd3hcl0kg11f"
"ÖRNSKÖLDSVIKS ALLEHANDA","15874782"
"ÖRNSKÖLDSVIKS ALLEHANDA VECKOUPPLAGA","9qfvxlc87bl36mjx"
"ÖRNSKÖLDSVIKS NYHETER","9klb2fkz771vzbkr"
"ÖRNSKÖLDSVIKS TIDNING (HÄRNÖSAND : 1890)","w56xn4fjtstn160r"
"ÖRNSKÖLDSVIKS TIDNING (ÖRNSKÖLDSVIK : 1879)","dnpf5qllb40qcfct"
"ÖRNSKÖLDSVIKSPOSTEN","8jk91p6n6r3x29zg"
"ÖSTERGYLLEN","09s8tp7lxf0w3zgp"
"ÖSTERGÖTLAND (LINKÖPING : 1879)","22674942"
"ÖSTERGÖTLANDS ALLEHANDA (MOTALA : 1893)","22675033"
"ÖSTERGÖTLANDS ALLEHANDA (NORRKÖPING : 1879)","22674956"
"ÖSTERGÖTLANDS ANNONSBLAD","22675052"
"ÖSTERGÖTLANDS DAGBLAD","22675093"
"ÖSTERGÖTLANDS FOLKBLAD","22675244"
"ÖSTERGÖTLANDS LÄNS TIDNING","22675313"
"ÖSTERGÖTLANDS NYA TIDNING","22675371"
"ÖSTERGÖTLANDS NYHETER","22675376"
"ÖSTERGÖTLANDS TIDNING","22675380"
"ÖSTERGÖTLANDS VECKOBLAD","11653836"
"ÖSTERGÖTLANDS-SÖDERMANLANDS ANNONSBLAD","22679938"
"ÖSTERLENMAGASINET","15650833"
"ÖSTERMALMDIREKT","2cd7qgz307wz9ccn"
"ÖSTERMALMS ANNONSTIDNING","22680016"
"ÖSTERMALMSNYTT","15874980"
"ÖSTERSUNDSPOSTEN","15875013"
"ÖSTGÖTA CORRESPONDENTEN","15875027"
"ÖSTGÖTA PATRIOTEN","22680129"
"ÖSTGÖTABLADET","22680068"
"ÖSTGÖTAKURIREN (VADSTENA : 1883)","22680106"
"ÖSTGÖTAPOSTEN","11653838"
"ÖSTGÖTATIDNINGEN (MJÖLBY : 2016)","19573506"
"ÖSTGÖTEN (LINKÖPING : 1874)","22680201"
"ÖSTGÖTHA GAZETTEN","22680298"
"ÖSTGÖTHA TIDNING","22680332"
"ÖSTHAMMARS NYHETER","15875042"
"ÖSTHAMMARS TIDNING (1887)","22680335"
"ÖSTKUSTEN","22680341"
"ÖSTRA SMÅLAND (2014)","17124421"
"ÖSTRA WESTMANLAND","22680345"
"ÖSTRAN","15875048"
